Progress,Finished,ResponseId,position,faculty,familiarity_1,familiarity_2,familiarity_3,familiarity_4,familiarity_12,familiarity_5,familiarity_6,familiarity_7,familiarity_8,familiarity_9,familiarity_10,familiarity_11,familiarity_13,stimulate_1,stimulate_2,stimulate_3,stimulate_4,stimulate_12,stimulate_5,stimulate_6,stimulate_7,stimulate_8,stimulate_9,stimulate_10,stimulate_11,stimulate_13,implement_1,implement_2,implement_3,implement_4,implement_12,implement_5,implement_6,implement_7,implement_8,implement_9,implement_10,implement_11,implement_13,motivation_1,motivation_2,motivation_3,motivation_4,motivation_5,motivation_6,motivation_7,motivation_9,motivation_10,motivation_11,barriers_1,barriers_2,barriers_3,barriers_4,barriers_5,barriers_6,barriers_7,barriers_8,barriers_9,barriers_10,barriers_11,barriers_12,more_OS_1,more_OS_2,more_OS_3,more_OS_4,more_OS_5,more_OS_6,more_OS_7,practices_other_1,practices_other_2,practices_other_3,practices_other_4,practices_other_12,practices_other_5,practices_other_6,practices_other_7,practices_other_8,practices_other_9,practices_other_10,practices_other_11,practices_other_13,wave,Duration
100,TRUE,R_3oWUjad2ZMRmMr9,Full Professor,Science,Open Access,Open Data,FAIR Data,Reproducibility,Open Software / code / syntax,NA,Open Peer Review,Citizen Science,Preprints,Preregistration/Registered report,Science Communication,NA,NA,Open Access,NA,NA,Reproducibility,NA,NA,NA,NA,NA,NA,Science Communication,NA,NA,Open Access,Open Data,FAIR Data,Reproducibility,Open Software / code,NA,Open Peer Review,Citizen Science,Preprints,Preregistration/Registered report,Science Communication,NA,NA,NA,NA,NA,NA,I think it is an important part of research,NA,NA,NA,NA,"Other, namely",NA,NA,NA,NA,NA,NA,NA,NA,NA,I experience no barriers in practicing Open Science,NA,NA,NA,More incentives that reward Open Science practices,NA,Better interfaces/workflows that make it easy to practice Open Science,NA,NA,NA,NA,NA,NA,NA,NA,NA,NA,NA,NA,NA,NA,NA,NA,2023,227
100,TRUE,R_2dLRtzDYpvw0ZC6,PhD candidate,Governance and Global Affairs,Open Access,Open Data,FAIR Data,NA,NA,NA,Open Peer Review,NA,NA,NA,Science Communication,NA,NA,Open Access,NA,FAIR Data,NA,NA,NA,NA,NA,NA,NA,Science Communication,NA,NA,Open Access,NA,NA,NA,Open Software / code,NA,Open Peer Review,NA,NA,NA,Science Communication,NA,NA,NA,NA,Required by University policy,It increases the impact of my research,I think it is an important part of research,NA,NA,NA,NA,NA,NA,NA,NA,NA,NA,NA,NA,I work with data that is sensitive / cannot be anonymised,NA,NA,NA,NA,NA,More incentives that reward Open Science practices,NA,NA,NA,NA,NA,NA,NA,NA,NA,NA,NA,NA,NA,NA,NA,NA,NA,NA,2023,166
100,TRUE,R_3iF6V5sRNUENgOv,Organisational Professional / Support Staff,Social and Behavioural Sciences,Open Access,Open Data,FAIR Data,Reproducibility,Open Software / code / syntax,Open Education,Open Peer Review,Citizen Science,Preprints,Preregistration/Registered report,Science Communication,NA,NA,NA,NA,FAIR Data,NA,NA,NA,Open Peer Review,NA,NA,Preregistration/Registered report,NA,NA,NA,NA,NA,NA,NA,NA,NA,NA,NA,NA,NA,NA,NA,NA,NA,NA,NA,NA,NA,NA,NA,NA,NA,NA,NA,NA,NA,NA,NA,NA,NA,NA,NA,NA,NA,NA,NA,NA,NA,NA,NA,NA,NA,Open Access,Open Data,FAIR Data,Reproducibility,Open Software / code,NA,NA,NA,NA,Preregistration/Registered report,NA,NA,NA,2023,327
100,TRUE,R_XttERfPxW2HRt17,Assistant Professor,Humanities,Open Access,Open Data,FAIR Data,Reproducibility,Open Software / code / syntax,Open Education,Open Peer Review,Citizen Science,Preprints,Preregistration/Registered report,Science Communication,NA,NA,Open Access,Open Data,NA,Reproducibility,NA,NA,NA,NA,NA,NA,NA,NA,NA,Open Access,Open Data,FAIR Data,Reproducibility,NA,NA,NA,NA,NA,NA,Science Communication,NA,NA,NA,Required by journal policy,NA,It increases the impact of my research,I think it is an important part of research,NA,NA,NA,NA,NA,NA,NA,Lack of funding for Open Science practices,NA,NA,NA,NA,NA,NA,NA,NA,NA,More policies that make Open Science practices required,More incentives that reward Open Science practices,NA,Better interfaces/workflows that make it easy to practice Open Science,More supporting infrastructure that makes it possible to practice Open Science,NA,NA,NA,NA,NA,NA,NA,NA,NA,NA,NA,NA,NA,NA,NA,2023,444
100,TRUE,R_24PnCJDAWx9wGge,Organisational Professional / Support Staff,Administrative / library / central,Open Access,Open Data,NA,Reproducibility,Open Software / code / syntax,NA,NA,Citizen Science,NA,NA,Science Communication,NA,NA,NA,Open Data,FAIR Data,Reproducibility,NA,NA,NA,NA,NA,NA,NA,NA,NA,NA,NA,NA,NA,NA,NA,NA,NA,NA,NA,NA,NA,NA,NA,NA,NA,NA,NA,NA,NA,NA,NA,NA,NA,NA,NA,NA,NA,NA,NA,NA,NA,NA,NA,NA,NA,NA,NA,NA,NA,NA,NA,Open Access,NA,FAIR Data,Reproducibility,NA,NA,NA,NA,NA,NA,NA,NA,NA,2023,170
100,TRUE,R_2yrBhwnb7I7Ifzo,Assistant Professor,Governance and Global Affairs,NA,Open Data,NA,Reproducibility,NA,NA,NA,Citizen Science,NA,NA,NA,NA,NA,Open Access,NA,FAIR Data,NA,NA,NA,NA,Citizen Science,NA,NA,NA,NA,NA,Open Access,NA,NA,NA,NA,NA,NA,NA,NA,NA,NA,NA,NA,Required by funder policy,NA,NA,It increases the impact of my research,I think it is an important part of research,NA,NA,NA,NA,NA,NA,NA,NA,NA,NA,NA,NA,I work with data that is sensitive / cannot be anonymised,NA,NA,NA,NA,NA,NA,NA,Better interfaces/workflows that make it easy to practice Open Science,More supporting infrastructure that makes it possible to practice Open Science,NA,NA,NA,NA,NA,NA,NA,NA,NA,NA,NA,NA,NA,NA,NA,2023,261
100,TRUE,R_2rIza9fTPWxN8pX,Organisational Professional / Support Staff,Science,Open Access,Open Data,FAIR Data,Reproducibility,Open Software / code / syntax,Open Education,Open Peer Review,Citizen Science,Preprints,NA,Science Communication,NA,NA,Open Access,Open Data,NA,Reproducibility,NA,NA,NA,NA,NA,NA,NA,NA,NA,NA,NA,NA,NA,NA,NA,NA,NA,NA,NA,NA,NA,NA,NA,NA,NA,NA,NA,NA,NA,NA,NA,NA,NA,NA,NA,NA,NA,NA,NA,NA,NA,NA,NA,NA,NA,NA,NA,NA,NA,NA,NA,Open Access,Open Data,FAIR Data,NA,Open Software / code,NA,NA,Citizen Science,NA,NA,Science Communication,NA,NA,2023,588
100,TRUE,R_3fdveCvl1aLnu4j,Assistant Professor,Governance and Global Affairs,Open Access,NA,NA,NA,NA,Open Education,NA,NA,Preprints,NA,Science Communication,NA,NA,NA,NA,NA,Reproducibility,NA,NA,NA,Citizen Science,NA,NA,Science Communication,NA,NA,NA,NA,NA,Reproducibility,NA,NA,NA,NA,Preprints,NA,Science Communication,NA,NA,NA,Required by journal policy,NA,It increases the impact of my research,I think it is an important part of research,NA,NA,NA,NA,NA,NA,NA,Lack of funding for Open Science practices,NA,NA,NA,NA,NA,NA,NA,NA,NA,NA,NA,NA,NA,More supporting infrastructure that makes it possible to practice Open Science,NA,NA,NA,NA,NA,NA,NA,NA,NA,NA,NA,NA,NA,NA,NA,2023,148
100,TRUE,R_yjtKawbCstxOUMx,Organisational Professional / Support Staff,Administrative / library / central,Open Access,Open Data,FAIR Data,Reproducibility,NA,Open Education,Open Peer Review,NA,Preprints,NA,NA,NA,NA,Open Access,NA,FAIR Data,NA,NA,Open Education,NA,NA,NA,NA,NA,NA,NA,NA,NA,NA,NA,NA,NA,NA,NA,NA,NA,NA,NA,NA,NA,NA,NA,NA,NA,NA,NA,NA,NA,NA,NA,NA,NA,NA,NA,NA,NA,NA,NA,NA,NA,NA,NA,NA,NA,NA,NA,NA,NA,Open Access,Open Data,NA,NA,NA,Open Education,NA,NA,NA,NA,NA,NA,NA,2023,515
100,TRUE,R_1hLojOZtszqETtY,Assistant Professor,Law,Open Access,Open Data,NA,Reproducibility,Open Software / code / syntax,NA,Open Peer Review,NA,Preprints,Preregistration/Registered report,Science Communication,NA,Other,Open Access,Open Data,NA,NA,NA,NA,NA,NA,NA,Preregistration/Registered report,NA,NA,NA,Open Access,Open Data,NA,Reproducibility,NA,NA,NA,NA,Preprints,Preregistration/Registered report,NA,NA,Other,NA,Required by journal policy,NA,NA,I think it is an important part of research,NA,It is common practice amongst my collaborators from outside of my institute,NA,NA,NA,NA,NA,NA,NA,NA,"Lack of recognition of Open Science practices in evaluation, promotion and recruitment criteria at my institution",NA,NA,NA,NA,NA,NA,NA,More incentives that reward Open Science practices,NA,Better interfaces/workflows that make it easy to practice Open Science,More supporting infrastructure that makes it possible to practice Open Science,NA,NA,NA,NA,NA,NA,NA,NA,NA,NA,NA,NA,NA,NA,NA,2023,111
100,TRUE,R_27xOzeYeTD8KwOr,Associate Professor,Social and Behavioural Sciences,Open Access,Open Data,FAIR Data,Reproducibility,Open Software / code / syntax,NA,Open Peer Review,Citizen Science,Preprints,Preregistration/Registered report,Science Communication,NA,NA,Open Access,Open Data,NA,NA,NA,NA,NA,NA,NA,Preregistration/Registered report,NA,NA,NA,Open Access,Open Data,NA,Reproducibility,Open Software / code,NA,NA,NA,NA,Preregistration/Registered report,Science Communication,NA,NA,NA,Required by journal policy,NA,It increases the impact of my research,I think it is an important part of research,NA,NA,NA,NA,NA,NA,NA,NA,NA,NA,NA,NA,NA,NA,NA,NA,Other,More policies that make Open Science practices required,NA,More collaboration/engagement with peers to make norms about good practices visible,NA,More supporting infrastructure that makes it possible to practice Open Science,NA,NA,NA,NA,NA,NA,NA,NA,NA,NA,NA,NA,NA,NA,NA,2023,448
100,TRUE,R_1mFq2SL9fjBxbIL,Full Professor,Governance and Global Affairs,Open Access,NA,NA,NA,NA,NA,NA,NA,NA,NA,Science Communication,NA,NA,Open Access,NA,NA,NA,NA,NA,NA,Citizen Science,NA,NA,Science Communication,NA,NA,Open Access,NA,NA,NA,NA,NA,NA,NA,NA,NA,Science Communication,NA,NA,NA,Required by journal policy,NA,It increases the impact of my research,I think it is an important part of research,NA,NA,NA,NA,NA,NA,NA,Lack of funding for Open Science practices,NA,NA,NA,NA,NA,NA,NA,NA,NA,NA,More incentives that reward Open Science practices,NA,NA,NA,NA,NA,NA,NA,NA,NA,NA,NA,NA,NA,NA,NA,NA,NA,NA,2023,242
100,TRUE,R_27d6GCOAsYsvQdT,PhD candidate,Social and Behavioural Sciences,Open Access,Open Data,FAIR Data,NA,NA,NA,Open Peer Review,NA,Preprints,Preregistration/Registered report,NA,NA,NA,Open Access,Open Data,NA,NA,NA,NA,NA,NA,NA,NA,NA,NA,Other,NA,NA,NA,NA,NA,NA,NA,NA,NA,NA,NA,I'm not practicing Open Science (yet),NA,NA,NA,NA,NA,NA,NA,NA,NA,NA,NA,NA,NA,NA,NA,NA,NA,NA,NA,NA,NA,NA,Other,NA,NA,NA,NA,NA,NA,Other,NA,NA,NA,NA,NA,NA,NA,NA,NA,NA,NA,NA,NA,2023,1586
100,TRUE,R_2aRB7tfC5bvVQiE,Full Professor,Governance and Global Affairs,Open Access,NA,FAIR Data,NA,Open Software / code / syntax,NA,Open Peer Review,Citizen Science,Preprints,Preregistration/Registered report,Science Communication,NA,NA,Open Access,NA,NA,NA,NA,NA,NA,Citizen Science,NA,Preregistration/Registered report,NA,NA,NA,Open Access,NA,FAIR Data,NA,NA,NA,Open Peer Review,NA,Preprints,Preregistration/Registered report,Science Communication,NA,NA,NA,NA,NA,It increases the impact of my research,I think it is an important part of research,NA,NA,NA,NA,NA,NA,NA,NA,Lack of clarity about ethical issues (e.g. data sharing),NA,NA,NA,I work with data that is sensitive / cannot be anonymised,NA,NA,NA,NA,NA,NA,NA,Better interfaces/workflows that make it easy to practice Open Science,More supporting infrastructure that makes it possible to practice Open Science,NA,NA,NA,NA,NA,NA,NA,NA,NA,NA,NA,NA,NA,NA,NA,2023,119
100,TRUE,R_efVy6lSAKPwQOOt,Assistant Professor,Governance and Global Affairs,Open Access,NA,NA,Reproducibility,Open Software / code / syntax,NA,NA,NA,Preprints,Preregistration/Registered report,NA,NA,NA,Open Access,Open Data,NA,NA,NA,NA,NA,NA,NA,Preregistration/Registered report,NA,NA,NA,Open Access,Open Data,NA,Reproducibility,NA,NA,NA,NA,NA,Preregistration/Registered report,NA,NA,NA,NA,NA,Required by University policy,It increases the impact of my research,I think it is an important part of research,NA,NA,NA,NA,NA,NA,Lack of training on how to practice Open Science,Lack of funding for Open Science practices,NA,NA,NA,NA,NA,Lack of recognition in my (international) field about the value of Open Science practices,NA,NA,NA,NA,More incentives that reward Open Science practices,NA,Better interfaces/workflows that make it easy to practice Open Science,More supporting infrastructure that makes it possible to practice Open Science,NA,NA,NA,NA,NA,NA,NA,NA,NA,NA,NA,NA,NA,NA,NA,2023,153
100,TRUE,R_2V4NXJXN8QVwhGa,Assistant Professor,Humanities,Open Access,Open Data,FAIR Data,Reproducibility,Open Software / code / syntax,Open Education,Open Peer Review,Citizen Science,Preprints,NA,Science Communication,NA,Other,NA,Open Data,NA,NA,NA,Open Education,NA,Citizen Science,NA,NA,NA,NA,NA,Open Access,Open Data,FAIR Data,Reproducibility,NA,Open Education,Open Peer Review,NA,Preprints,NA,Science Communication,NA,NA,NA,NA,NA,It increases the impact of my research,I think it is an important part of research,NA,NA,NA,NA,"Other, namely",NA,NA,Lack of funding for Open Science practices,NA,Lack of time,"Lack of recognition of Open Science practices in evaluation, promotion and recruitment criteria at my institution",NA,NA,NA,NA,NA,NA,NA,More incentives that reward Open Science practices,More collaboration/engagement with peers to make norms about good practices visible,Better interfaces/workflows that make it easy to practice Open Science,NA,NA,Other,NA,NA,NA,NA,NA,NA,NA,NA,NA,NA,NA,NA,NA,2023,285
100,TRUE,R_1QFvtoql2fS1oGv,PhD candidate,Science,Open Access,Open Data,FAIR Data,Reproducibility,Open Software / code / syntax,NA,NA,NA,Preprints,Preregistration/Registered report,Science Communication,NA,NA,Open Access,NA,FAIR Data,Reproducibility,NA,NA,NA,NA,NA,NA,NA,NA,NA,NA,NA,NA,NA,NA,NA,NA,NA,NA,NA,NA,I'm not practicing Open Science (yet),NA,NA,NA,NA,NA,NA,NA,NA,NA,NA,NA,NA,NA,NA,NA,NA,NA,NA,NA,NA,NA,NA,Other,More policies that make Open Science practices required,More incentives that reward Open Science practices,NA,NA,More supporting infrastructure that makes it possible to practice Open Science,NA,NA,NA,NA,NA,NA,NA,NA,NA,NA,NA,NA,NA,NA,NA,2023,63675
100,TRUE,R_ZvZHLApiSzgTDLr,Associate Professor,Governance and Global Affairs,Open Access,Open Data,FAIR Data,Reproducibility,Open Software / code / syntax,NA,Open Peer Review,Citizen Science,Preprints,Preregistration/Registered report,Science Communication,NA,NA,Open Access,Open Data,NA,Reproducibility,NA,NA,NA,NA,NA,NA,NA,NA,NA,Open Access,Open Data,FAIR Data,NA,NA,NA,NA,NA,NA,NA,Science Communication,NA,NA,NA,Required by journal policy,NA,It increases the impact of my research,I think it is an important part of research,NA,NA,NA,NA,NA,NA,NA,NA,NA,NA,NA,NA,I work with data that is sensitive / cannot be anonymised,NA,NA,NA,NA,NA,NA,NA,NA,NA,NA,NA,NA,NA,NA,NA,NA,NA,NA,NA,NA,NA,NA,NA,NA,2023,203
100,TRUE,R_3fUdTULqr87sZlj,PhD candidate,Social and Behavioural Sciences,Open Access,NA,NA,NA,NA,NA,NA,NA,NA,NA,NA,NA,NA,NA,NA,NA,NA,NA,NA,NA,NA,NA,NA,NA,Not familiar with any,NA,Open Access,NA,NA,NA,NA,NA,NA,NA,NA,NA,NA,NA,NA,NA,NA,NA,It increases the impact of my research,NA,It is common practice in amongst my colleagues from my institute,NA,NA,Required by my supervisor(s),NA,Lack of information/knowledge about the what and why of Open Science,Lack of training on how to practice Open Science,NA,Lack of clarity about ethical issues (e.g. data sharing),NA,NA,NA,NA,NA,NA,NA,NA,NA,NA,NA,Better interfaces/workflows that make it easy to practice Open Science,More supporting infrastructure that makes it possible to practice Open Science,NA,NA,NA,NA,NA,NA,NA,NA,NA,NA,NA,NA,NA,NA,NA,2023,131
100,TRUE,R_3PEL5fUHOUjxQDZ,Assistant Professor,Medicine / LUMC,Open Access,Open Data,FAIR Data,Reproducibility,Open Software / code / syntax,Open Education,Open Peer Review,Citizen Science,Preprints,Preregistration/Registered report,NA,NA,NA,NA,NA,NA,Reproducibility,Open Software / code / syntax,NA,NA,NA,Preprints,NA,NA,NA,NA,Open Access,Open Data,FAIR Data,Reproducibility,Open Software / code,Open Education,Open Peer Review,NA,Preprints,Preregistration/Registered report,NA,NA,NA,NA,NA,NA,NA,I think it is an important part of research,NA,NA,NA,NA,NA,NA,NA,NA,NA,Lack of time,"Lack of recognition of Open Science practices in evaluation, promotion and recruitment criteria at my institution",NA,NA,Lack of recognition in my (international) field about the value of Open Science practices,NA,NA,NA,NA,NA,NA,NA,NA,NA,Other,NA,NA,NA,NA,NA,NA,NA,NA,NA,NA,NA,NA,NA,2023,168
100,TRUE,R_3ek3WBP0lAhTg3h,Organisational Professional / Support Staff,Humanities,Open Access,Open Data,FAIR Data,Reproducibility,Open Software / code / syntax,NA,NA,Citizen Science,NA,NA,NA,NA,NA,Open Access,Open Data,NA,Reproducibility,NA,NA,NA,NA,NA,NA,NA,NA,NA,NA,NA,NA,NA,NA,NA,NA,NA,NA,NA,NA,NA,NA,NA,NA,NA,NA,NA,NA,NA,NA,NA,NA,NA,NA,NA,NA,NA,NA,NA,NA,NA,NA,NA,NA,NA,NA,NA,NA,NA,NA,NA,Open Access,Open Data,FAIR Data,Reproducibility,Open Software / code,NA,NA,NA,NA,NA,NA,NA,NA,2023,5674
100,TRUE,R_248GbgLi6AU9pnd,Assistant Professor,Archaeology,Open Access,Open Data,FAIR Data,Reproducibility,Open Software / code / syntax,NA,Open Peer Review,Citizen Science,Preprints,Preregistration/Registered report,Science Communication,NA,NA,Open Access,NA,FAIR Data,NA,NA,NA,NA,NA,NA,NA,Science Communication,NA,NA,Open Access,NA,FAIR Data,NA,NA,NA,Open Peer Review,NA,NA,NA,Science Communication,NA,NA,NA,NA,NA,NA,I think it is an important part of research,NA,NA,NA,NA,NA,Lack of information/knowledge about the what and why of Open Science,Lack of training on how to practice Open Science,NA,NA,NA,"Lack of recognition of Open Science practices in evaluation, promotion and recruitment criteria at my institution",NA,NA,NA,NA,NA,NA,More policies that make Open Science practices required,More incentives that reward Open Science practices,More collaboration/engagement with peers to make norms about good practices visible,Better interfaces/workflows that make it easy to practice Open Science,More supporting infrastructure that makes it possible to practice Open Science,NA,NA,NA,NA,NA,NA,NA,NA,NA,NA,NA,NA,NA,NA,NA,2023,513
100,TRUE,R_3ipX2ndDxuEygHx,Organisational Professional / Support Staff,Administrative / library / central,Open Access,Open Data,FAIR Data,Reproducibility,Open Software / code / syntax,Open Education,Open Peer Review,Citizen Science,Preprints,Preregistration/Registered report,Science Communication,NA,NA,NA,NA,NA,NA,Open Software / code / syntax,NA,NA,NA,Preprints,NA,Science Communication,NA,NA,NA,NA,NA,NA,NA,NA,NA,NA,NA,NA,NA,NA,NA,NA,NA,NA,NA,NA,NA,NA,NA,NA,NA,NA,NA,NA,NA,NA,NA,NA,NA,NA,NA,NA,NA,NA,NA,NA,NA,NA,NA,NA,Open Access,Open Data,NA,NA,NA,NA,Open Peer Review,Citizen Science,Preprint,Preregistration/Registered report,Science Communication,NA,NA,2023,643
100,TRUE,R_3kHUyyEpeFkCPqz,Postdoc,Social and Behavioural Sciences,Open Access,Open Data,FAIR Data,Reproducibility,Open Software / code / syntax,NA,Open Peer Review,Citizen Science,Preprints,Preregistration/Registered report,Science Communication,NA,NA,Open Access,NA,NA,NA,Open Software / code / syntax,NA,NA,NA,NA,NA,Science Communication,NA,NA,Open Access,NA,FAIR Data,Reproducibility,Open Software / code,NA,NA,Citizen Science,NA,Preregistration/Registered report,Science Communication,NA,NA,NA,NA,NA,It increases the impact of my research,I think it is an important part of research,It is common practice in amongst my colleagues from my institute,NA,NA,NA,NA,NA,NA,NA,Lack of clarity about ethical issues (e.g. data sharing),Lack of time,NA,NA,I work with data that is sensitive / cannot be anonymised,NA,NA,NA,NA,NA,NA,NA,Better interfaces/workflows that make it easy to practice Open Science,More supporting infrastructure that makes it possible to practice Open Science,NA,NA,NA,NA,NA,NA,NA,NA,NA,NA,NA,NA,NA,NA,NA,2023,290
100,TRUE,R_xA8jRmpuKhzWsyl,Full Professor,Interfaculty Institutes,Open Access,Open Data,FAIR Data,NA,Open Software / code / syntax,NA,NA,Citizen Science,NA,Preregistration/Registered report,Science Communication,NA,NA,Open Access,Open Data,NA,NA,NA,NA,NA,NA,NA,NA,Science Communication,NA,NA,Open Access,Open Data,NA,NA,NA,NA,NA,NA,NA,Preregistration/Registered report,Science Communication,NA,NA,NA,NA,NA,NA,I think it is an important part of research,NA,NA,NA,NA,NA,NA,NA,Lack of funding for Open Science practices,NA,NA,NA,NA,I work with data that is sensitive / cannot be anonymised,NA,NA,NA,NA,NA,NA,More collaboration/engagement with peers to make norms about good practices visible,NA,NA,NA,NA,NA,NA,NA,NA,NA,NA,NA,NA,NA,NA,NA,NA,NA,2023,253
100,TRUE,R_2yeeX4DpVkfJjw4,Assistant Professor,Social and Behavioural Sciences,Open Access,Open Data,FAIR Data,Reproducibility,Open Software / code / syntax,NA,Open Peer Review,Citizen Science,Preprints,Preregistration/Registered report,Science Communication,NA,NA,Open Access,NA,FAIR Data,NA,NA,NA,NA,NA,NA,Preregistration/Registered report,NA,NA,NA,Open Access,Open Data,FAIR Data,Reproducibility,Open Software / code,NA,NA,Citizen Science,Preprints,Preregistration/Registered report,Science Communication,NA,NA,NA,NA,NA,NA,I think it is an important part of research,NA,NA,NA,NA,"Other, namely",NA,NA,NA,NA,Lack of time,"Lack of recognition of Open Science practices in evaluation, promotion and recruitment criteria at my institution",NA,I work with data that is sensitive / cannot be anonymised,NA,NA,NA,NA,NA,More incentives that reward Open Science practices,NA,Better interfaces/workflows that make it easy to practice Open Science,More supporting infrastructure that makes it possible to practice Open Science,NA,NA,NA,NA,NA,NA,NA,NA,NA,NA,NA,NA,NA,NA,NA,2023,243
100,TRUE,R_AND2JHIyDUpYVK9,Assistant Professor,Social and Behavioural Sciences,Open Access,Open Data,NA,NA,Open Software / code / syntax,NA,Open Peer Review,NA,Preprints,Preregistration/Registered report,NA,NA,NA,Open Access,Open Data,NA,NA,Open Software / code / syntax,NA,NA,NA,NA,NA,NA,NA,NA,Open Access,Open Data,NA,Reproducibility,NA,NA,NA,NA,NA,Preregistration/Registered report,NA,NA,NA,NA,NA,NA,NA,I think it is an important part of research,NA,NA,NA,NA,NA,Lack of information/knowledge about the what and why of Open Science,NA,NA,NA,NA,NA,NA,NA,NA,NA,NA,NA,NA,NA,NA,Better interfaces/workflows that make it easy to practice Open Science,More supporting infrastructure that makes it possible to practice Open Science,NA,NA,NA,NA,NA,NA,NA,NA,NA,NA,NA,NA,NA,NA,NA,2023,298
100,TRUE,R_UoUoYvlwG0LTD4R,Organisational Professional / Support Staff,Law,Open Access,Open Data,FAIR Data,Reproducibility,Open Software / code / syntax,NA,Open Peer Review,Citizen Science,Preprints,Preregistration/Registered report,Science Communication,NA,NA,NA,NA,FAIR Data,Reproducibility,NA,NA,Open Peer Review,NA,NA,NA,NA,NA,NA,NA,NA,NA,NA,NA,NA,NA,NA,NA,NA,NA,NA,NA,NA,NA,NA,NA,NA,NA,NA,NA,NA,NA,NA,NA,NA,NA,NA,NA,NA,NA,NA,NA,NA,NA,NA,NA,NA,NA,NA,NA,NA,NA,NA,FAIR Data,NA,NA,NA,NA,NA,NA,NA,NA,NA,NA,2023,405
100,TRUE,R_UEkAMDfxl7c3LWN,Assistant Professor,Medicine / LUMC,Open Access,Open Data,FAIR Data,Reproducibility,Open Software / code / syntax,Open Education,Open Peer Review,Citizen Science,Preprints,Preregistration/Registered report,Science Communication,NA,NA,Open Access,NA,FAIR Data,Reproducibility,NA,NA,NA,NA,NA,NA,NA,NA,NA,Open Access,NA,FAIR Data,Reproducibility,NA,NA,NA,NA,Preprints,NA,NA,NA,NA,Required by funder policy,NA,NA,It increases the impact of my research,I think it is an important part of research,NA,NA,NA,NA,NA,NA,NA,Lack of funding for Open Science practices,NA,NA,"Lack of recognition of Open Science practices in evaluation, promotion and recruitment criteria at my institution",NA,I work with data that is sensitive / cannot be anonymised,NA,NA,NA,NA,NA,NA,NA,NA,More supporting infrastructure that makes it possible to practice Open Science,NA,NA,NA,NA,NA,NA,NA,NA,NA,NA,NA,NA,NA,NA,NA,2023,1268
100,TRUE,R_1kOA57bRkhyw0SQ,"Other, namely:",Social and Behavioural Sciences,Open Access,NA,NA,Reproducibility,NA,NA,NA,NA,Preprints,Preregistration/Registered report,NA,NA,NA,NA,Open Data,NA,NA,Open Software / code / syntax,NA,Open Peer Review,NA,NA,NA,NA,NA,NA,NA,NA,NA,NA,NA,NA,NA,NA,NA,NA,NA,NA,NA,NA,NA,NA,NA,NA,NA,NA,NA,NA,NA,NA,NA,NA,NA,NA,NA,NA,NA,NA,NA,NA,NA,NA,NA,NA,NA,NA,NA,NA,NA,NA,NA,NA,NA,NA,NA,NA,NA,NA,NA,I'm not dealing with Open Science (yet),NA,2023,243
100,TRUE,R_1mQbHrRJY62xAf8,PhD candidate,Science,Open Access,Open Data,FAIR Data,Reproducibility,Open Software / code / syntax,NA,Open Peer Review,Citizen Science,Preprints,Preregistration/Registered report,Science Communication,NA,NA,NA,NA,FAIR Data,NA,NA,NA,NA,NA,NA,NA,NA,NA,NA,NA,NA,FAIR Data,Reproducibility,Open Software / code,NA,NA,NA,NA,NA,NA,NA,NA,Required by funder policy,NA,NA,NA,I think it is an important part of research,NA,NA,NA,NA,NA,NA,NA,NA,NA,Lack of time,"Lack of recognition of Open Science practices in evaluation, promotion and recruitment criteria at my institution",NA,I work with data that is sensitive / cannot be anonymised,NA,NA,NA,NA,NA,NA,More collaboration/engagement with peers to make norms about good practices visible,Better interfaces/workflows that make it easy to practice Open Science,NA,NA,NA,NA,NA,NA,NA,NA,NA,NA,NA,NA,NA,NA,NA,NA,2023,1214
100,TRUE,R_2wyr6FYRtP3G4GH,Full Professor,Law,Open Access,Open Data,NA,NA,NA,NA,NA,NA,Preprints,NA,NA,NA,NA,Open Access,Open Data,NA,NA,NA,NA,NA,NA,NA,NA,NA,NA,NA,Open Access,NA,NA,NA,NA,NA,NA,NA,NA,NA,NA,NA,NA,NA,NA,Required by University policy,NA,I think it is an important part of research,NA,NA,NA,Required by my supervisor(s),NA,NA,NA,NA,NA,NA,NA,NA,NA,NA,NA,NA,Other,NA,NA,NA,NA,More supporting infrastructure that makes it possible to practice Open Science,NA,Other,NA,NA,NA,NA,NA,NA,NA,NA,NA,NA,NA,NA,NA,2023,212
100,TRUE,R_2ydOR2pEmDBAO4e,Organisational Professional / Support Staff,Science,Open Access,NA,FAIR Data,NA,NA,NA,Open Peer Review,Citizen Science,NA,NA,Science Communication,NA,NA,NA,NA,NA,NA,NA,NA,Open Peer Review,Citizen Science,NA,NA,Science Communication,NA,NA,NA,NA,NA,NA,NA,NA,NA,NA,NA,NA,NA,NA,NA,NA,NA,NA,NA,NA,NA,NA,NA,NA,NA,NA,NA,NA,NA,NA,NA,NA,NA,NA,NA,NA,NA,NA,NA,NA,NA,NA,NA,NA,NA,NA,NA,NA,NA,NA,NA,Citizen Science,NA,NA,Science Communication,NA,NA,2023,368
100,TRUE,R_phlh9FOofLdkpkR,Full Professor,Social and Behavioural Sciences,Open Access,Open Data,FAIR Data,Reproducibility,Open Software / code / syntax,NA,Open Peer Review,Citizen Science,Preprints,Preregistration/Registered report,Science Communication,NA,NA,NA,Open Data,NA,NA,NA,NA,Open Peer Review,NA,Preprints,NA,NA,NA,NA,Open Access,Open Data,FAIR Data,NA,Open Software / code,NA,Open Peer Review,NA,Preprints,NA,Science Communication,NA,NA,NA,NA,NA,It increases the impact of my research,I think it is an important part of research,NA,NA,NA,NA,NA,NA,NA,NA,NA,NA,NA,NA,NA,NA,I experience no barriers in practicing Open Science,NA,NA,NA,NA,More collaboration/engagement with peers to make norms about good practices visible,NA,NA,NA,NA,NA,NA,NA,NA,NA,NA,NA,NA,NA,NA,NA,NA,NA,2023,417
100,TRUE,R_1M4jf9LOM03H9Dw,Organisational Professional / Support Staff,Science,NA,NA,NA,NA,NA,Open Education,NA,NA,NA,NA,NA,NA,NA,NA,Open Data,NA,NA,NA,Open Education,NA,NA,NA,NA,Science Communication,NA,NA,NA,NA,NA,NA,NA,NA,NA,NA,NA,NA,NA,NA,NA,NA,NA,NA,NA,NA,NA,NA,NA,NA,NA,NA,NA,NA,NA,NA,NA,NA,NA,NA,NA,NA,NA,NA,NA,NA,NA,NA,NA,NA,NA,NA,NA,NA,NA,NA,NA,NA,NA,NA,NA,I'm not dealing with Open Science (yet),NA,2023,150
100,TRUE,R_1H1tTBjMztaT28X,Assistant Professor,Medicine / LUMC,Open Access,Open Data,FAIR Data,Reproducibility,Open Software / code / syntax,NA,Open Peer Review,Citizen Science,Preprints,Preregistration/Registered report,Science Communication,NA,NA,NA,NA,NA,Reproducibility,Open Software / code / syntax,NA,NA,NA,NA,NA,Science Communication,NA,NA,Open Access,Open Data,NA,Reproducibility,NA,NA,Open Peer Review,NA,Preprints,Preregistration/Registered report,Science Communication,NA,NA,NA,NA,NA,It increases the impact of my research,I think it is an important part of research,NA,It is common practice amongst my collaborators from outside of my institute,NA,NA,NA,NA,NA,NA,Lack of clarity about ethical issues (e.g. data sharing),Lack of time,NA,Lack of positive examples / approaches set by other researchers,NA,NA,NA,NA,NA,NA,More incentives that reward Open Science practices,More collaboration/engagement with peers to make norms about good practices visible,Better interfaces/workflows that make it easy to practice Open Science,NA,NA,NA,NA,NA,NA,NA,NA,NA,NA,NA,NA,NA,NA,NA,NA,2023,223
100,TRUE,R_1GuWAzi2tYmeL8p,Teacher,Social and Behavioural Sciences,Open Access,Open Data,FAIR Data,Reproducibility,Open Software / code / syntax,NA,Open Peer Review,NA,Preprints,Preregistration/Registered report,Science Communication,NA,NA,NA,NA,NA,NA,Open Software / code / syntax,NA,NA,NA,NA,Preregistration/Registered report,NA,NA,NA,Open Access,NA,NA,NA,Open Software / code,NA,NA,NA,NA,Preregistration/Registered report,NA,NA,NA,NA,NA,Required by University policy,NA,I think it is an important part of research,NA,NA,NA,NA,NA,NA,NA,NA,NA,NA,NA,NA,NA,NA,I experience no barriers in practicing Open Science,NA,NA,More policies that make Open Science practices required,More incentives that reward Open Science practices,More collaboration/engagement with peers to make norms about good practices visible,Better interfaces/workflows that make it easy to practice Open Science,More supporting infrastructure that makes it possible to practice Open Science,NA,NA,NA,NA,NA,NA,NA,NA,NA,NA,NA,NA,NA,NA,NA,2023,227
100,TRUE,R_Ok9z0dJLrslSjQZ,"Other, namely:",Science,Open Access,Open Data,FAIR Data,Reproducibility,Open Software / code / syntax,Open Education,Open Peer Review,Citizen Science,Preprints,Preregistration/Registered report,Science Communication,NA,NA,Open Access,NA,FAIR Data,NA,Open Software / code / syntax,NA,NA,NA,NA,NA,NA,NA,NA,NA,NA,NA,NA,NA,NA,NA,NA,NA,NA,NA,NA,NA,NA,NA,NA,NA,NA,NA,NA,NA,NA,NA,NA,NA,NA,NA,NA,NA,NA,NA,NA,NA,NA,NA,NA,NA,NA,NA,NA,NA,NA,NA,Open Data,FAIR Data,Reproducibility,Open Software / code,NA,NA,NA,NA,NA,NA,NA,NA,2023,614
100,TRUE,R_yQrnryAwbm27hGF,PhD candidate,Archaeology,Open Access,Open Data,FAIR Data,Reproducibility,NA,NA,Open Peer Review,NA,Preprints,NA,NA,NA,NA,Open Access,NA,FAIR Data,NA,NA,NA,NA,NA,NA,NA,Science Communication,NA,NA,Open Access,NA,NA,NA,NA,NA,NA,NA,NA,NA,NA,NA,NA,NA,NA,NA,It increases the impact of my research,I think it is an important part of research,NA,NA,NA,NA,"Other, namely",NA,Lack of training on how to practice Open Science,Lack of funding for Open Science practices,NA,NA,NA,NA,NA,Lack of recognition in my (international) field about the value of Open Science practices,NA,NA,NA,NA,NA,More collaboration/engagement with peers to make norms about good practices visible,Better interfaces/workflows that make it easy to practice Open Science,More supporting infrastructure that makes it possible to practice Open Science,NA,NA,NA,NA,NA,NA,NA,NA,NA,NA,NA,NA,NA,NA,NA,2023,473
100,TRUE,R_7QwzbKkIZ3mlqet,Assistant Professor,Social and Behavioural Sciences,Open Access,Open Data,NA,Reproducibility,Open Software / code / syntax,NA,Open Peer Review,NA,Preprints,Preregistration/Registered report,NA,NA,NA,Open Access,Open Data,NA,NA,Open Software / code / syntax,NA,NA,NA,NA,NA,NA,NA,NA,Open Access,NA,NA,Reproducibility,Open Software / code,NA,NA,NA,Preprints,NA,NA,NA,NA,NA,NA,NA,It increases the impact of my research,I think it is an important part of research,It is common practice in amongst my colleagues from my institute,NA,NA,NA,NA,NA,NA,NA,NA,Lack of time,"Lack of recognition of Open Science practices in evaluation, promotion and recruitment criteria at my institution",NA,NA,Lack of recognition in my (international) field about the value of Open Science practices,NA,NA,NA,More policies that make Open Science practices required,More incentives that reward Open Science practices,NA,Better interfaces/workflows that make it easy to practice Open Science,NA,NA,NA,NA,NA,NA,NA,NA,NA,NA,NA,NA,NA,NA,NA,NA,2023,315
100,TRUE,R_1C6GQE0YaMqJfeF,Assistant Professor,Social and Behavioural Sciences,NA,Open Data,FAIR Data,Reproducibility,Open Software / code / syntax,NA,Open Peer Review,Citizen Science,Preprints,Preregistration/Registered report,Science Communication,NA,NA,Open Access,NA,FAIR Data,Reproducibility,NA,NA,NA,NA,NA,NA,NA,NA,NA,Open Access,Open Data,FAIR Data,Reproducibility,Open Software / code,NA,NA,NA,Preprints,NA,Science Communication,NA,Other,NA,NA,NA,NA,I think it is an important part of research,NA,NA,NA,NA,NA,NA,NA,Lack of funding for Open Science practices,NA,Lack of time,"Lack of recognition of Open Science practices in evaluation, promotion and recruitment criteria at my institution",NA,NA,NA,NA,NA,NA,NA,More incentives that reward Open Science practices,NA,NA,NA,NA,Other,NA,NA,NA,NA,NA,NA,NA,NA,NA,NA,NA,NA,NA,2023,327
100,TRUE,R_30dcBIQdY3etWdK,Assistant Professor,Social and Behavioural Sciences,Open Access,NA,NA,NA,NA,Open Education,NA,NA,Preprints,Preregistration/Registered report,Science Communication,NA,NA,NA,NA,NA,NA,NA,Open Education,NA,NA,NA,NA,NA,NA,Other,NA,NA,NA,NA,NA,Open Education,NA,NA,NA,NA,NA,NA,Other,NA,NA,NA,NA,I think it is an important part of research,NA,NA,NA,NA,"Other, namely",NA,NA,NA,NA,NA,"Lack of recognition of Open Science practices in evaluation, promotion and recruitment criteria at my institution",Lack of positive examples / approaches set by other researchers,NA,NA,NA,NA,Other,More policies that make Open Science practices required,More incentives that reward Open Science practices,NA,NA,NA,NA,NA,NA,NA,NA,NA,NA,NA,NA,NA,NA,NA,NA,NA,NA,2023,1649
100,TRUE,R_uyJbrNLllHvtPGx,Organisational Professional / Support Staff,Administrative / library / central,NA,Open Data,FAIR Data,NA,NA,NA,NA,NA,NA,NA,NA,NA,NA,NA,Open Data,FAIR Data,NA,NA,NA,NA,Citizen Science,NA,NA,NA,NA,NA,NA,NA,NA,NA,NA,NA,NA,NA,NA,NA,NA,NA,NA,NA,NA,NA,NA,NA,NA,NA,NA,NA,NA,NA,NA,NA,NA,NA,NA,NA,NA,NA,NA,NA,NA,NA,NA,NA,NA,NA,NA,NA,NA,Open Data,FAIR Data,NA,NA,NA,NA,NA,NA,NA,NA,NA,NA,2023,126
100,TRUE,R_3I9ssrOA3LZYu64,PhD candidate,Science,Open Access,Open Data,FAIR Data,Reproducibility,Open Software / code / syntax,NA,Open Peer Review,NA,Preprints,Preregistration/Registered report,Science Communication,NA,NA,NA,NA,NA,Reproducibility,Open Software / code / syntax,NA,NA,NA,NA,NA,Science Communication,NA,NA,Open Access,NA,NA,Reproducibility,Open Software / code,NA,NA,NA,NA,NA,NA,NA,NA,NA,NA,NA,It increases the impact of my research,NA,NA,NA,NA,NA,NA,NA,NA,NA,Lack of clarity about ethical issues (e.g. data sharing),Lack of time,NA,NA,I work with data that is sensitive / cannot be anonymised,NA,NA,NA,NA,More policies that make Open Science practices required,NA,More collaboration/engagement with peers to make norms about good practices visible,Better interfaces/workflows that make it easy to practice Open Science,NA,NA,NA,NA,NA,NA,NA,NA,NA,NA,NA,NA,NA,NA,NA,NA,2023,319
100,TRUE,R_2rkKa3pUbrPqrHG,Full Professor,Medicine / LUMC,Open Access,Open Data,FAIR Data,Reproducibility,Open Software / code / syntax,Open Education,Open Peer Review,Citizen Science,Preprints,Preregistration/Registered report,Science Communication,NA,NA,NA,NA,FAIR Data,Reproducibility,NA,NA,NA,NA,Preprints,NA,NA,NA,NA,Open Access,Open Data,FAIR Data,Reproducibility,Open Software / code,Open Education,Open Peer Review,Citizen Science,Preprints,NA,Science Communication,NA,NA,NA,NA,NA,It increases the impact of my research,I think it is an important part of research,NA,NA,NA,NA,"Other, namely",NA,NA,Lack of funding for Open Science practices,NA,NA,"Lack of recognition of Open Science practices in evaluation, promotion and recruitment criteria at my institution",NA,NA,NA,NA,NA,NA,More policies that make Open Science practices required,NA,More collaboration/engagement with peers to make norms about good practices visible,NA,More supporting infrastructure that makes it possible to practice Open Science,NA,NA,NA,NA,NA,NA,NA,NA,NA,NA,NA,NA,NA,NA,NA,2023,301
100,TRUE,R_3qkBIFpNg86Ll1V,Organisational Professional / Support Staff,Other,Open Access,Open Data,FAIR Data,Reproducibility,Open Software / code / syntax,NA,Open Peer Review,Citizen Science,Preprints,Preregistration/Registered report,Science Communication,NA,NA,NA,NA,NA,NA,NA,NA,NA,NA,NA,Preregistration/Registered report,NA,NA,NA,NA,NA,NA,NA,NA,NA,NA,NA,NA,NA,NA,NA,NA,NA,NA,NA,NA,NA,NA,NA,NA,NA,NA,NA,NA,NA,NA,NA,NA,NA,NA,NA,NA,NA,NA,NA,NA,NA,NA,NA,NA,NA,Open Access,NA,NA,Reproducibility,NA,NA,NA,NA,NA,Preregistration/Registered report,Science Communication,NA,NA,2023,184
100,TRUE,R_AtBCGBb6UutajTz,Associate Professor,Law,Open Access,Open Data,FAIR Data,NA,Open Software / code / syntax,NA,NA,NA,Preprints,Preregistration/Registered report,NA,NA,NA,Open Access,Open Data,FAIR Data,NA,NA,NA,NA,NA,NA,NA,NA,NA,NA,Open Access,NA,NA,NA,NA,NA,NA,NA,NA,NA,NA,NA,NA,Required by funder policy,NA,NA,It increases the impact of my research,I think it is an important part of research,NA,NA,NA,NA,NA,NA,NA,Lack of funding for Open Science practices,Lack of clarity about ethical issues (e.g. data sharing),NA,NA,NA,I work with data that is sensitive / cannot be anonymised,NA,NA,NA,NA,NA,NA,NA,Better interfaces/workflows that make it easy to practice Open Science,More supporting infrastructure that makes it possible to practice Open Science,NA,NA,NA,NA,NA,NA,NA,NA,NA,NA,NA,NA,NA,NA,NA,2023,144
100,TRUE,R_b7ubsINuWy9kCvT,"Other, namely:",Social and Behavioural Sciences,Open Access,Open Data,FAIR Data,Reproducibility,Open Software / code / syntax,NA,Open Peer Review,Citizen Science,Preprints,Preregistration/Registered report,Science Communication,NA,Other,NA,Open Data,NA,NA,Open Software / code / syntax,NA,NA,NA,Preprints,NA,NA,NA,NA,NA,NA,NA,NA,NA,NA,NA,NA,NA,NA,NA,NA,NA,NA,NA,NA,NA,NA,NA,NA,NA,NA,NA,NA,NA,NA,NA,NA,NA,NA,NA,NA,NA,NA,NA,NA,NA,NA,NA,NA,NA,NA,Open Access,Open Data,FAIR Data,NA,Open Software / code,NA,NA,NA,NA,NA,NA,NA,NA,2023,3037
100,TRUE,R_1Ok0QtGnBI6JvxT,Associate Professor,Social and Behavioural Sciences,Open Access,Open Data,FAIR Data,Reproducibility,Open Software / code / syntax,Open Education,Open Peer Review,Citizen Science,Preprints,Preregistration/Registered report,Science Communication,NA,NA,NA,Open Data,NA,Reproducibility,NA,NA,NA,NA,NA,Preregistration/Registered report,NA,NA,NA,Open Access,NA,NA,NA,Open Software / code,Open Education,Open Peer Review,Citizen Science,NA,Preregistration/Registered report,Science Communication,NA,NA,NA,Required by journal policy,Required by University policy,NA,I think it is an important part of research,NA,NA,NA,NA,NA,NA,NA,NA,NA,Lack of time,NA,Lack of positive examples / approaches set by other researchers,I work with data that is sensitive / cannot be anonymised,NA,NA,NA,NA,NA,More incentives that reward Open Science practices,NA,NA,More supporting infrastructure that makes it possible to practice Open Science,NA,NA,NA,NA,NA,NA,NA,NA,NA,NA,NA,NA,NA,NA,NA,2023,791
100,TRUE,R_3hm5nNSXF7cxZUM,PhD candidate,Governance and Global Affairs,Open Access,Open Data,FAIR Data,Reproducibility,Open Software / code / syntax,NA,Open Peer Review,Citizen Science,Preprints,Preregistration/Registered report,Science Communication,NA,NA,NA,NA,FAIR Data,Reproducibility,NA,NA,NA,NA,NA,NA,Science Communication,NA,NA,Open Access,NA,FAIR Data,NA,NA,NA,Open Peer Review,NA,NA,NA,Science Communication,NA,NA,NA,NA,NA,It increases the impact of my research,I think it is an important part of research,NA,NA,NA,Required by my supervisor(s),NA,NA,Lack of training on how to practice Open Science,NA,NA,NA,NA,Lack of positive examples / approaches set by other researchers,I work with data that is sensitive / cannot be anonymised,NA,NA,NA,NA,NA,More incentives that reward Open Science practices,More collaboration/engagement with peers to make norms about good practices visible,NA,More supporting infrastructure that makes it possible to practice Open Science,NA,NA,NA,NA,NA,NA,NA,NA,NA,NA,NA,NA,NA,NA,NA,2023,520
100,TRUE,R_ebURR9BM4i2n94Z,Researcher,Social and Behavioural Sciences,Open Access,Open Data,NA,Reproducibility,Open Software / code / syntax,NA,Open Peer Review,Citizen Science,Preprints,Preregistration/Registered report,Science Communication,NA,NA,NA,NA,NA,Reproducibility,Open Software / code / syntax,NA,NA,NA,NA,Preregistration/Registered report,NA,NA,NA,Open Access,Open Data,NA,Reproducibility,Open Software / code,NA,NA,NA,Preprints,NA,NA,NA,NA,Required by funder policy,NA,NA,NA,I think it is an important part of research,NA,NA,It looks good on my CV,NA,NA,NA,NA,NA,NA,NA,"Lack of recognition of Open Science practices in evaluation, promotion and recruitment criteria at my institution",NA,NA,Lack of recognition in my (international) field about the value of Open Science practices,NA,NA,NA,More policies that make Open Science practices required,More incentives that reward Open Science practices,NA,NA,NA,NA,NA,NA,NA,NA,NA,NA,NA,NA,NA,NA,NA,NA,NA,NA,2023,2016
100,TRUE,R_3h0CYyxIOISzP3r,PhD candidate,Social and Behavioural Sciences,Open Access,Open Data,FAIR Data,Reproducibility,Open Software / code / syntax,NA,Open Peer Review,NA,Preprints,Preregistration/Registered report,Science Communication,NA,NA,Open Access,NA,FAIR Data,NA,NA,NA,NA,NA,NA,NA,Science Communication,NA,NA,NA,NA,NA,Reproducibility,Open Software / code,NA,NA,NA,NA,NA,NA,NA,NA,NA,NA,NA,It increases the impact of my research,I think it is an important part of research,NA,NA,NA,NA,NA,NA,Lack of training on how to practice Open Science,NA,Lack of clarity about ethical issues (e.g. data sharing),Lack of time,NA,NA,NA,NA,NA,NA,NA,More policies that make Open Science practices required,NA,NA,Better interfaces/workflows that make it easy to practice Open Science,More supporting infrastructure that makes it possible to practice Open Science,NA,NA,NA,NA,NA,NA,NA,NA,NA,NA,NA,NA,NA,NA,NA,2023,1443
100,TRUE,R_3JpXgny6fTKwaRz,Organisational Professional / Support Staff,Social and Behavioural Sciences,Open Access,Open Data,FAIR Data,Reproducibility,Open Software / code / syntax,Open Education,NA,Citizen Science,Preprints,Preregistration/Registered report,NA,NA,NA,Open Access,Open Data,FAIR Data,NA,NA,NA,NA,NA,NA,NA,NA,NA,NA,NA,NA,NA,NA,NA,NA,NA,NA,NA,NA,NA,NA,NA,NA,NA,NA,NA,NA,NA,NA,NA,NA,NA,NA,NA,NA,NA,NA,NA,NA,NA,NA,NA,NA,NA,NA,NA,NA,NA,NA,NA,NA,Open Access,NA,FAIR Data,NA,NA,Open Education,NA,NA,NA,NA,Science Communication,NA,NA,2023,394
100,TRUE,R_ZwMz5YTy4FbTVQJ,Assistant Professor,Social and Behavioural Sciences,Open Access,Open Data,NA,Reproducibility,Open Software / code / syntax,NA,Open Peer Review,Citizen Science,Preprints,Preregistration/Registered report,Science Communication,NA,NA,NA,Open Data,NA,NA,Open Software / code / syntax,NA,NA,NA,NA,Preregistration/Registered report,NA,NA,NA,Open Access,Open Data,NA,Reproducibility,Open Software / code,NA,NA,NA,NA,Preregistration/Registered report,Science Communication,NA,NA,NA,NA,Required by University policy,NA,I think it is an important part of research,It is common practice in amongst my colleagues from my institute,NA,NA,NA,NA,NA,NA,NA,NA,Lack of time,NA,NA,NA,NA,NA,NA,NA,NA,More incentives that reward Open Science practices,More collaboration/engagement with peers to make norms about good practices visible,Better interfaces/workflows that make it easy to practice Open Science,More supporting infrastructure that makes it possible to practice Open Science,NA,NA,NA,NA,NA,NA,NA,NA,NA,NA,NA,NA,NA,NA,NA,2023,232
100,TRUE,R_2Epds8qKKoGhcg7,Teacher,Social and Behavioural Sciences,Open Access,Open Data,NA,Reproducibility,Open Software / code / syntax,NA,Open Peer Review,Citizen Science,NA,Preregistration/Registered report,NA,NA,NA,NA,NA,NA,Reproducibility,NA,NA,NA,NA,NA,Preregistration/Registered report,Science Communication,NA,NA,NA,NA,NA,Reproducibility,NA,NA,NA,NA,NA,NA,NA,NA,NA,NA,NA,NA,NA,I think it is an important part of research,NA,NA,NA,NA,NA,NA,NA,NA,Lack of clarity about ethical issues (e.g. data sharing),NA,"Lack of recognition of Open Science practices in evaluation, promotion and recruitment criteria at my institution",NA,I work with data that is sensitive / cannot be anonymised,NA,NA,NA,NA,NA,More incentives that reward Open Science practices,More collaboration/engagement with peers to make norms about good practices visible,NA,More supporting infrastructure that makes it possible to practice Open Science,NA,NA,NA,NA,NA,NA,NA,NA,NA,NA,NA,NA,NA,NA,NA,2023,193
100,TRUE,R_2c7yZyUm9TkwpAk,Assistant Professor,Governance and Global Affairs,Open Access,NA,NA,NA,NA,NA,Open Peer Review,NA,NA,NA,NA,NA,NA,Open Access,NA,NA,NA,NA,NA,Open Peer Review,NA,NA,NA,Science Communication,NA,NA,Open Access,NA,NA,NA,NA,NA,NA,NA,NA,NA,NA,NA,NA,NA,NA,NA,It increases the impact of my research,I think it is an important part of research,NA,NA,NA,NA,NA,Lack of information/knowledge about the what and why of Open Science,Lack of training on how to practice Open Science,NA,NA,Lack of time,NA,NA,NA,NA,NA,NA,NA,NA,More incentives that reward Open Science practices,NA,Better interfaces/workflows that make it easy to practice Open Science,NA,NA,NA,NA,NA,NA,NA,NA,NA,NA,NA,NA,NA,NA,NA,NA,2023,363
100,TRUE,R_2AX7yQ2x0Cuy97E,Assistant Professor,Social and Behavioural Sciences,Open Access,Open Data,FAIR Data,Reproducibility,Open Software / code / syntax,NA,Open Peer Review,Citizen Science,Preprints,Preregistration/Registered report,NA,NA,NA,Open Access,NA,NA,NA,Open Software / code / syntax,NA,NA,NA,Preprints,NA,NA,NA,NA,Open Access,NA,NA,NA,Open Software / code,NA,NA,Citizen Science,Preprints,NA,NA,NA,NA,NA,NA,NA,NA,I think it is an important part of research,NA,NA,NA,NA,NA,NA,NA,NA,NA,NA,NA,NA,I work with data that is sensitive / cannot be anonymised,NA,NA,NA,NA,NA,NA,NA,NA,More supporting infrastructure that makes it possible to practice Open Science,NA,NA,NA,NA,NA,NA,NA,NA,NA,NA,NA,NA,NA,NA,NA,2023,5754
100,TRUE,R_1QtnhDHAsQbMCdw,Postdoc,Medicine / LUMC,Open Access,NA,FAIR Data,Reproducibility,Open Software / code / syntax,NA,NA,NA,Preprints,Preregistration/Registered report,Science Communication,NA,NA,Open Access,NA,FAIR Data,NA,NA,NA,Open Peer Review,NA,NA,NA,NA,NA,NA,Open Access,NA,NA,NA,NA,NA,NA,NA,Preprints,NA,Science Communication,NA,NA,Required by funder policy,NA,NA,It increases the impact of my research,I think it is an important part of research,NA,NA,NA,NA,NA,NA,NA,Lack of funding for Open Science practices,NA,NA,NA,NA,NA,NA,NA,NA,NA,NA,More incentives that reward Open Science practices,NA,NA,NA,NA,NA,NA,NA,NA,NA,NA,NA,NA,NA,NA,NA,NA,NA,NA,2023,126
100,TRUE,R_1hFPMZTCm8THaAT,"Other, namely:",Other,Open Access,Open Data,FAIR Data,Reproducibility,Open Software / code / syntax,Open Education,Open Peer Review,Citizen Science,Preprints,Preregistration/Registered report,Science Communication,NA,Other,Open Access,NA,FAIR Data,Reproducibility,NA,NA,NA,NA,NA,NA,NA,NA,NA,NA,NA,NA,NA,NA,NA,NA,NA,NA,NA,NA,NA,NA,NA,NA,NA,NA,NA,NA,NA,NA,NA,NA,NA,NA,NA,NA,NA,NA,NA,NA,NA,NA,NA,NA,NA,NA,NA,NA,NA,NA,NA,Open Access,Open Data,FAIR Data,Reproducibility,Open Software / code,NA,Open Peer Review,NA,Preprint,NA,Science Communication,NA,NA,2023,564
100,TRUE,R_vcRMo64mLzWYxk5,Assistant Professor,Social and Behavioural Sciences,Open Access,Open Data,FAIR Data,Reproducibility,Open Software / code / syntax,NA,Open Peer Review,NA,Preprints,Preregistration/Registered report,Science Communication,NA,NA,Open Access,NA,FAIR Data,NA,NA,NA,NA,NA,NA,Preregistration/Registered report,NA,NA,NA,Open Access,NA,FAIR Data,NA,NA,NA,Open Peer Review,NA,NA,Preregistration/Registered report,NA,NA,NA,NA,NA,Required by University policy,NA,I think it is an important part of research,It is common practice in amongst my colleagues from my institute,NA,NA,NA,NA,NA,NA,NA,NA,Lack of time,NA,NA,I work with data that is sensitive / cannot be anonymised,NA,NA,NA,NA,NA,More incentives that reward Open Science practices,NA,Better interfaces/workflows that make it easy to practice Open Science,NA,NA,NA,NA,NA,NA,NA,NA,NA,NA,NA,NA,NA,NA,NA,NA,2023,303
100,TRUE,R_xaZrCFnU15YkKNH,Associate Professor,Medicine / LUMC,Open Access,Open Data,FAIR Data,Reproducibility,Open Software / code / syntax,NA,Open Peer Review,NA,Preprints,Preregistration/Registered report,Science Communication,NA,NA,Open Access,Open Data,NA,NA,Open Software / code / syntax,NA,NA,NA,NA,NA,NA,NA,NA,Open Access,Open Data,NA,NA,Open Software / code,NA,Open Peer Review,NA,NA,NA,NA,NA,NA,NA,NA,NA,It increases the impact of my research,I think it is an important part of research,NA,NA,It looks good on my CV,NA,NA,NA,NA,Lack of funding for Open Science practices,Lack of clarity about ethical issues (e.g. data sharing),NA,NA,NA,I work with data that is sensitive / cannot be anonymised,NA,NA,NA,NA,NA,More incentives that reward Open Science practices,NA,Better interfaces/workflows that make it easy to practice Open Science,NA,NA,NA,NA,NA,NA,NA,NA,NA,NA,NA,NA,NA,NA,NA,NA,2023,226
100,TRUE,R_1jwcxYLIhakqGmh,Organisational Professional / Support Staff,Medicine / LUMC,Open Access,Open Data,FAIR Data,Reproducibility,Open Software / code / syntax,NA,NA,Citizen Science,Preprints,NA,Science Communication,NA,NA,NA,NA,FAIR Data,Reproducibility,Open Software / code / syntax,NA,NA,NA,NA,NA,NA,NA,NA,NA,NA,NA,NA,NA,NA,NA,NA,NA,NA,NA,NA,NA,NA,NA,NA,NA,NA,NA,NA,NA,NA,NA,NA,NA,NA,NA,NA,NA,NA,NA,NA,NA,NA,NA,NA,NA,NA,NA,NA,NA,NA,Open Access,Open Data,FAIR Data,Reproducibility,Open Software / code,NA,NA,Citizen Science,NA,Preregistration/Registered report,NA,NA,NA,2023,240
100,TRUE,R_3J4Ae9ghgFBwzRW,Full Professor,Social and Behavioural Sciences,Open Access,Open Data,FAIR Data,Reproducibility,Open Software / code / syntax,NA,Open Peer Review,Citizen Science,Preprints,Preregistration/Registered report,Science Communication,NA,NA,NA,Open Data,NA,Reproducibility,NA,NA,NA,NA,NA,Preregistration/Registered report,NA,NA,NA,Open Access,Open Data,FAIR Data,Reproducibility,Open Software / code,NA,Open Peer Review,NA,Preprints,Preregistration/Registered report,NA,NA,NA,NA,NA,Required by University policy,It increases the impact of my research,I think it is an important part of research,NA,NA,NA,NA,NA,NA,NA,NA,NA,NA,NA,NA,NA,NA,I experience no barriers in practicing Open Science,NA,NA,NA,NA,NA,NA,NA,NA,Other,NA,NA,NA,NA,NA,NA,NA,NA,NA,NA,NA,NA,NA,2023,306
100,TRUE,R_2UYOcngmdQgEEuy,Full Professor,Social and Behavioural Sciences,Open Access,Open Data,FAIR Data,Reproducibility,Open Software / code / syntax,Open Education,Open Peer Review,Citizen Science,Preprints,Preregistration/Registered report,Science Communication,NA,NA,Open Access,NA,NA,Reproducibility,NA,NA,NA,NA,NA,Preregistration/Registered report,NA,NA,NA,Open Access,Open Data,FAIR Data,Reproducibility,NA,Open Education,Open Peer Review,Citizen Science,Preprints,Preregistration/Registered report,Science Communication,NA,NA,NA,NA,NA,NA,I think it is an important part of research,NA,NA,NA,NA,NA,NA,NA,NA,Lack of clarity about ethical issues (e.g. data sharing),Lack of time,NA,NA,NA,NA,NA,NA,NA,NA,More incentives that reward Open Science practices,NA,Better interfaces/workflows that make it easy to practice Open Science,More supporting infrastructure that makes it possible to practice Open Science,NA,NA,NA,NA,NA,NA,NA,NA,NA,NA,NA,NA,NA,NA,NA,2023,284
100,TRUE,R_2Xnu4XiFZzrqlPA,Associate Professor,Social and Behavioural Sciences,Open Access,Open Data,FAIR Data,Reproducibility,Open Software / code / syntax,NA,Open Peer Review,Citizen Science,Preprints,Preregistration/Registered report,Science Communication,NA,NA,Open Access,NA,FAIR Data,NA,Open Software / code / syntax,NA,NA,NA,NA,NA,NA,NA,NA,Open Access,Open Data,FAIR Data,Reproducibility,Open Software / code,NA,NA,Citizen Science,Preprints,Preregistration/Registered report,Science Communication,NA,NA,NA,NA,NA,NA,I think it is an important part of research,NA,NA,NA,NA,NA,NA,NA,Lack of funding for Open Science practices,NA,Lack of time,NA,NA,NA,NA,NA,NA,NA,More policies that make Open Science practices required,NA,NA,Better interfaces/workflows that make it easy to practice Open Science,More supporting infrastructure that makes it possible to practice Open Science,NA,NA,NA,NA,NA,NA,NA,NA,NA,NA,NA,NA,NA,NA,NA,2023,337
100,TRUE,R_1C8cEuoHMwDx2Af,Full Professor,Social and Behavioural Sciences,Open Access,NA,FAIR Data,Reproducibility,Open Software / code / syntax,NA,Open Peer Review,Citizen Science,Preprints,Preregistration/Registered report,Science Communication,NA,NA,Open Access,NA,NA,NA,Open Software / code / syntax,NA,NA,NA,NA,Preregistration/Registered report,NA,NA,NA,Open Access,NA,NA,NA,Open Software / code,NA,NA,Citizen Science,Preprints,Preregistration/Registered report,Science Communication,NA,NA,Required by funder policy,NA,NA,It increases the impact of my research,I think it is an important part of research,NA,NA,NA,NA,NA,NA,NA,NA,NA,Lack of time,NA,NA,I work with data that is sensitive / cannot be anonymised,NA,NA,NA,NA,NA,NA,More collaboration/engagement with peers to make norms about good practices visible,Better interfaces/workflows that make it easy to practice Open Science,More supporting infrastructure that makes it possible to practice Open Science,NA,NA,NA,NA,NA,NA,NA,NA,NA,NA,NA,NA,NA,NA,NA,2023,176
100,TRUE,R_OqHZdNqGlRzz6Qp,Postdoc,Medicine / LUMC,Open Access,Open Data,FAIR Data,Reproducibility,Open Software / code / syntax,Open Education,Open Peer Review,Citizen Science,Preprints,Preregistration/Registered report,NA,NA,NA,Open Access,NA,FAIR Data,Reproducibility,NA,NA,NA,NA,NA,NA,NA,NA,NA,Open Access,NA,NA,Reproducibility,NA,NA,Open Peer Review,NA,Preprints,Preregistration/Registered report,NA,NA,NA,NA,Required by journal policy,Required by University policy,NA,I think it is an important part of research,NA,NA,NA,NA,NA,NA,NA,Lack of funding for Open Science practices,NA,NA,NA,NA,I work with data that is sensitive / cannot be anonymised,Lack of recognition in my (international) field about the value of Open Science practices,NA,NA,NA,NA,More incentives that reward Open Science practices,NA,NA,More supporting infrastructure that makes it possible to practice Open Science,NA,Other,NA,NA,NA,NA,NA,NA,NA,NA,NA,NA,NA,NA,NA,2023,521
100,TRUE,R_3lVvlOuZiIx6Lty,Organisational Professional / Support Staff,Medicine / LUMC,NA,Open Data,FAIR Data,Reproducibility,NA,NA,NA,Citizen Science,NA,NA,NA,NA,NA,NA,NA,FAIR Data,NA,NA,NA,NA,NA,NA,Preregistration/Registered report,Science Communication,NA,NA,NA,NA,NA,NA,NA,NA,NA,NA,NA,NA,NA,NA,NA,NA,NA,NA,NA,NA,NA,NA,NA,NA,NA,NA,NA,NA,NA,NA,NA,NA,NA,NA,NA,NA,NA,NA,NA,NA,NA,NA,NA,NA,NA,NA,FAIR Data,NA,NA,NA,NA,NA,NA,NA,NA,NA,NA,2023,226
100,TRUE,R_O9gp4mP3hTW3RKx,Full Professor,Medicine / LUMC,Open Access,Open Data,FAIR Data,NA,Open Software / code / syntax,Open Education,Open Peer Review,Citizen Science,Preprints,NA,Science Communication,NA,NA,Open Access,NA,FAIR Data,NA,Open Software / code / syntax,NA,NA,NA,NA,NA,NA,NA,NA,Open Access,NA,NA,NA,NA,NA,Open Peer Review,NA,Preprints,NA,Science Communication,NA,NA,Required by funder policy,NA,NA,It increases the impact of my research,I think it is an important part of research,NA,NA,NA,NA,NA,NA,NA,Lack of funding for Open Science practices,NA,Lack of time,NA,NA,NA,NA,NA,NA,NA,NA,More incentives that reward Open Science practices,NA,NA,NA,NA,NA,NA,NA,NA,NA,NA,NA,NA,NA,NA,NA,NA,NA,NA,2023,194
100,TRUE,R_1QKsSuQKTJ9PNok,Postdoc,Medicine / LUMC,Open Access,NA,FAIR Data,NA,NA,NA,NA,NA,Preprints,NA,NA,NA,NA,Open Access,NA,FAIR Data,NA,NA,NA,NA,NA,Preprints,NA,NA,NA,NA,Open Access,NA,NA,NA,NA,NA,NA,NA,Preprints,NA,NA,NA,NA,NA,NA,NA,It increases the impact of my research,I think it is an important part of research,It is common practice in amongst my colleagues from my institute,NA,NA,NA,NA,NA,NA,Lack of funding for Open Science practices,NA,NA,NA,NA,NA,NA,NA,NA,NA,More policies that make Open Science practices required,NA,NA,NA,NA,NA,NA,NA,NA,NA,NA,NA,NA,NA,NA,NA,NA,NA,NA,NA,2023,132
100,TRUE,R_3Rjzbg0Hq3nm05W,Assistant Professor,Social and Behavioural Sciences,Open Access,Open Data,FAIR Data,Reproducibility,Open Software / code / syntax,Open Education,Open Peer Review,Citizen Science,Preprints,Preregistration/Registered report,Science Communication,NA,NA,Open Access,NA,NA,Reproducibility,NA,NA,NA,NA,NA,NA,NA,NA,Other,Open Access,Open Data,FAIR Data,Reproducibility,Open Software / code,NA,Open Peer Review,NA,Preprints,Preregistration/Registered report,Science Communication,NA,NA,NA,NA,NA,NA,I think it is an important part of research,It is common practice in amongst my colleagues from my institute,NA,NA,NA,NA,NA,NA,Lack of funding for Open Science practices,Lack of clarity about ethical issues (e.g. data sharing),Lack of time,NA,NA,NA,NA,NA,NA,NA,NA,NA,NA,NA,NA,NA,Other,NA,NA,NA,NA,NA,NA,NA,NA,NA,NA,NA,NA,NA,2023,265
100,TRUE,R_aW8FJWc1H7gLBBf,Assistant Professor,Medicine / LUMC,Open Access,Open Data,FAIR Data,Reproducibility,Open Software / code / syntax,NA,Open Peer Review,NA,Preprints,NA,NA,NA,NA,Open Access,Open Data,FAIR Data,NA,NA,NA,NA,NA,NA,NA,NA,NA,NA,Open Access,Open Data,FAIR Data,NA,NA,NA,NA,NA,Preprints,NA,NA,NA,NA,NA,NA,NA,It increases the impact of my research,I think it is an important part of research,NA,It is common practice amongst my collaborators from outside of my institute,NA,NA,NA,NA,NA,NA,NA,NA,"Lack of recognition of Open Science practices in evaluation, promotion and recruitment criteria at my institution",NA,NA,Lack of recognition in my (international) field about the value of Open Science practices,NA,NA,NA,NA,More incentives that reward Open Science practices,NA,NA,More supporting infrastructure that makes it possible to practice Open Science,NA,NA,NA,NA,NA,NA,NA,NA,NA,NA,NA,NA,NA,NA,NA,2023,150
100,TRUE,R_217AaUNpzE7ZQJo,PhD candidate,Medicine / LUMC,Open Access,Open Data,FAIR Data,Reproducibility,Open Software / code / syntax,NA,Open Peer Review,Citizen Science,Preprints,Preregistration/Registered report,NA,NA,NA,Open Access,NA,NA,Reproducibility,Open Software / code / syntax,NA,NA,NA,NA,NA,NA,NA,NA,Open Access,NA,NA,NA,Open Software / code,NA,Open Peer Review,NA,NA,NA,NA,NA,NA,NA,Required by journal policy,NA,It increases the impact of my research,I think it is an important part of research,NA,NA,NA,NA,NA,NA,Lack of training on how to practice Open Science,Lack of funding for Open Science practices,NA,NA,NA,NA,I work with data that is sensitive / cannot be anonymised,NA,NA,NA,NA,NA,NA,More collaboration/engagement with peers to make norms about good practices visible,Better interfaces/workflows that make it easy to practice Open Science,More supporting infrastructure that makes it possible to practice Open Science,NA,NA,NA,NA,NA,NA,NA,NA,NA,NA,NA,NA,NA,NA,NA,2023,847
100,TRUE,R_3KJhMEcaTRzWTV1,PhD candidate,Medicine / LUMC,Open Access,NA,NA,Reproducibility,NA,NA,Open Peer Review,NA,NA,NA,NA,NA,NA,Open Access,Open Data,NA,NA,NA,Open Education,NA,NA,NA,NA,NA,NA,NA,NA,NA,NA,Reproducibility,NA,NA,NA,NA,NA,NA,NA,NA,NA,NA,NA,NA,NA,NA,NA,NA,It looks good on my CV,Required by my supervisor(s),NA,NA,NA,Lack of funding for Open Science practices,NA,Lack of time,NA,NA,NA,NA,NA,NA,NA,NA,More incentives that reward Open Science practices,NA,NA,More supporting infrastructure that makes it possible to practice Open Science,NA,NA,NA,NA,NA,NA,NA,NA,NA,NA,NA,NA,NA,NA,NA,2023,261
100,TRUE,R_2DU3Too6Okd7uxS,"Other, namely:",Social and Behavioural Sciences,Open Access,Open Data,FAIR Data,Reproducibility,Open Software / code / syntax,Open Education,Open Peer Review,Citizen Science,Preprints,Preregistration/Registered report,Science Communication,NA,NA,NA,NA,FAIR Data,Reproducibility,NA,NA,NA,NA,NA,Preregistration/Registered report,NA,NA,NA,NA,NA,NA,NA,NA,NA,NA,NA,NA,NA,NA,NA,NA,NA,NA,NA,NA,NA,NA,NA,NA,NA,NA,NA,NA,NA,NA,NA,NA,NA,NA,NA,NA,NA,NA,NA,NA,NA,NA,NA,NA,NA,NA,NA,NA,Reproducibility,Open Software / code,NA,NA,NA,NA,NA,NA,NA,NA,2023,479
100,TRUE,R_31cPm5H3feayvkO,PhD candidate,Medicine / LUMC,Open Access,Open Data,FAIR Data,NA,NA,NA,Open Peer Review,Citizen Science,Preprints,NA,NA,NA,NA,Open Access,NA,FAIR Data,NA,NA,NA,NA,NA,NA,NA,Science Communication,NA,NA,Open Access,NA,NA,NA,NA,NA,Open Peer Review,NA,NA,NA,NA,NA,NA,NA,NA,NA,NA,I think it is an important part of research,It is common practice in amongst my colleagues from my institute,NA,NA,NA,NA,NA,NA,Lack of funding for Open Science practices,NA,NA,NA,Lack of positive examples / approaches set by other researchers,NA,NA,NA,NA,Other,NA,More incentives that reward Open Science practices,More collaboration/engagement with peers to make norms about good practices visible,NA,More supporting infrastructure that makes it possible to practice Open Science,NA,NA,NA,NA,NA,NA,NA,NA,NA,NA,NA,NA,NA,NA,NA,2023,376
100,TRUE,R_a4yZ1D2LLlAGBGN,Postdoc,Social and Behavioural Sciences,Open Access,Open Data,FAIR Data,Reproducibility,Open Software / code / syntax,NA,Open Peer Review,NA,Preprints,Preregistration/Registered report,Science Communication,NA,NA,Open Access,Open Data,NA,NA,NA,NA,NA,NA,NA,Preregistration/Registered report,NA,NA,NA,Open Access,Open Data,FAIR Data,Reproducibility,Open Software / code,NA,NA,NA,Preprints,Preregistration/Registered report,NA,NA,NA,NA,NA,NA,NA,I think it is an important part of research,NA,NA,NA,NA,NA,NA,NA,NA,NA,NA,NA,NA,NA,NA,I experience no barriers in practicing Open Science,NA,NA,NA,More incentives that reward Open Science practices,More collaboration/engagement with peers to make norms about good practices visible,NA,More supporting infrastructure that makes it possible to practice Open Science,NA,NA,NA,NA,NA,NA,NA,NA,NA,NA,NA,NA,NA,NA,NA,2023,4188
100,TRUE,R_RP6rsBgAek5i9zz,Policy advisor,Medicine / LUMC,Open Access,Open Data,FAIR Data,Reproducibility,Open Software / code / syntax,Open Education,Open Peer Review,Citizen Science,Preprints,Preregistration/Registered report,Science Communication,NA,NA,Open Access,NA,FAIR Data,NA,NA,Open Education,NA,NA,NA,NA,NA,NA,NA,NA,NA,NA,NA,NA,NA,NA,NA,NA,NA,NA,NA,NA,NA,NA,NA,NA,NA,NA,NA,NA,NA,NA,NA,NA,NA,NA,NA,NA,NA,NA,NA,NA,NA,NA,NA,NA,NA,NA,NA,NA,NA,Open Access,NA,FAIR Data,NA,NA,NA,NA,NA,NA,NA,NA,NA,NA,2023,316
100,TRUE,R_3eqwVaIqyDKJ5qT,Assistant Professor,Social and Behavioural Sciences,Open Access,Open Data,FAIR Data,Reproducibility,Open Software / code / syntax,NA,Open Peer Review,Citizen Science,Preprints,Preregistration/Registered report,Science Communication,NA,NA,Open Access,Open Data,NA,NA,NA,NA,NA,NA,NA,Preregistration/Registered report,NA,NA,NA,Open Access,Open Data,FAIR Data,Reproducibility,Open Software / code,NA,Open Peer Review,NA,NA,Preregistration/Registered report,NA,NA,NA,NA,NA,NA,NA,I think it is an important part of research,NA,NA,NA,NA,NA,NA,NA,NA,NA,Lack of time,"Lack of recognition of Open Science practices in evaluation, promotion and recruitment criteria at my institution",NA,NA,Lack of recognition in my (international) field about the value of Open Science practices,NA,NA,NA,NA,More incentives that reward Open Science practices,More collaboration/engagement with peers to make norms about good practices visible,NA,NA,NA,NA,NA,NA,NA,NA,NA,NA,NA,NA,NA,NA,NA,NA,NA,2023,182
100,TRUE,R_1eOFh133EyZJPfS,PhD candidate,Social and Behavioural Sciences,Open Access,Open Data,FAIR Data,Reproducibility,Open Software / code / syntax,NA,NA,NA,Preprints,Preregistration/Registered report,NA,NA,NA,Open Access,NA,FAIR Data,Reproducibility,NA,NA,NA,NA,NA,NA,NA,NA,NA,Open Access,Open Data,FAIR Data,Reproducibility,Open Software / code,NA,NA,NA,NA,NA,NA,NA,NA,NA,NA,NA,NA,I think it is an important part of research,NA,NA,NA,NA,NA,NA,NA,NA,NA,Lack of time,NA,NA,NA,NA,NA,NA,NA,NA,NA,NA,Better interfaces/workflows that make it easy to practice Open Science,More supporting infrastructure that makes it possible to practice Open Science,NA,NA,NA,NA,NA,NA,NA,NA,NA,NA,NA,NA,NA,NA,NA,2023,145
61,FALSE,R_W3xtDx4D8qBZieJ,Teacher,Social and Behavioural Sciences,Open Access,Open Data,NA,NA,Open Software / code / syntax,NA,NA,NA,NA,NA,NA,NA,NA,Open Access,NA,NA,Reproducibility,NA,NA,NA,NA,NA,Preregistration/Registered report,NA,NA,NA,Open Access,Open Data,NA,NA,Open Software / code,NA,NA,NA,NA,NA,NA,NA,NA,NA,NA,NA,It increases the impact of my research,I think it is an important part of research,NA,NA,NA,NA,NA,NA,NA,NA,NA,Lack of time,NA,NA,NA,NA,NA,NA,NA,NA,NA,NA,NA,NA,NA,NA,NA,NA,NA,NA,NA,NA,NA,NA,NA,NA,NA,NA,NA,2023,272
100,TRUE,R_1OJ3z7eKQGIhrmo,Full Professor,Medicine / LUMC,Open Access,Open Data,FAIR Data,Reproducibility,Open Software / code / syntax,Open Education,Open Peer Review,Citizen Science,Preprints,Preregistration/Registered report,Science Communication,NA,NA,NA,Open Data,NA,NA,Open Software / code / syntax,NA,NA,NA,NA,Preregistration/Registered report,NA,NA,NA,Open Access,Open Data,FAIR Data,Reproducibility,Open Software / code,NA,Open Peer Review,NA,Preprints,Preregistration/Registered report,Science Communication,NA,NA,NA,NA,NA,It increases the impact of my research,I think it is an important part of research,NA,NA,NA,NA,"Other, namely",NA,NA,NA,NA,NA,"Lack of recognition of Open Science practices in evaluation, promotion and recruitment criteria at my institution",Lack of positive examples / approaches set by other researchers,NA,NA,NA,NA,NA,NA,More incentives that reward Open Science practices,More collaboration/engagement with peers to make norms about good practices visible,NA,NA,NA,NA,NA,NA,NA,NA,NA,NA,NA,NA,NA,NA,NA,NA,NA,2023,539
100,TRUE,R_3qlGG7FrnuJyG7d,Associate Professor,Social and Behavioural Sciences,Open Access,Open Data,NA,Reproducibility,Open Software / code / syntax,NA,Open Peer Review,NA,NA,NA,Science Communication,NA,NA,Open Access,NA,NA,NA,Open Software / code / syntax,Open Education,NA,NA,NA,NA,NA,NA,NA,Open Access,NA,NA,Reproducibility,Open Software / code,NA,NA,NA,NA,NA,NA,NA,NA,NA,NA,NA,NA,NA,NA,NA,NA,NA,"Other, namely",NA,Lack of training on how to practice Open Science,Lack of funding for Open Science practices,NA,NA,NA,NA,NA,NA,NA,NA,NA,NA,NA,More collaboration/engagement with peers to make norms about good practices visible,Better interfaces/workflows that make it easy to practice Open Science,More supporting infrastructure that makes it possible to practice Open Science,NA,NA,NA,NA,NA,NA,NA,NA,NA,NA,NA,NA,NA,NA,NA,2023,734
100,TRUE,R_1QMZEncZD6vzUOh,Organisational Professional / Support Staff,Science,Open Access,Open Data,FAIR Data,NA,Open Software / code / syntax,Open Education,Open Peer Review,Citizen Science,NA,NA,Science Communication,NA,NA,Open Access,NA,NA,NA,Open Software / code / syntax,NA,NA,NA,NA,NA,Science Communication,NA,NA,NA,NA,NA,NA,NA,NA,NA,NA,NA,NA,NA,NA,NA,NA,NA,NA,NA,NA,NA,NA,NA,NA,NA,NA,NA,NA,NA,NA,NA,NA,NA,NA,NA,NA,NA,NA,NA,NA,NA,NA,NA,NA,NA,NA,NA,NA,NA,NA,NA,NA,NA,NA,NA,I'm not dealing with Open Science (yet),NA,2023,111
100,TRUE,R_2dAXf2bitpyR5p6,PhD candidate,Social and Behavioural Sciences,Open Access,Open Data,NA,NA,Open Software / code / syntax,NA,Open Peer Review,NA,Preprints,NA,NA,NA,NA,Open Access,NA,NA,NA,Open Software / code / syntax,NA,NA,NA,Preprints,NA,NA,NA,NA,Open Access,Open Data,NA,NA,Open Software / code,NA,Open Peer Review,NA,Preprints,NA,NA,NA,NA,NA,NA,NA,NA,I think it is an important part of research,It is common practice in amongst my colleagues from my institute,NA,NA,Required by my supervisor(s),NA,NA,NA,NA,Lack of clarity about ethical issues (e.g. data sharing),NA,"Lack of recognition of Open Science practices in evaluation, promotion and recruitment criteria at my institution",NA,I work with data that is sensitive / cannot be anonymised,NA,NA,NA,NA,More policies that make Open Science practices required,More incentives that reward Open Science practices,More collaboration/engagement with peers to make norms about good practices visible,NA,More supporting infrastructure that makes it possible to practice Open Science,NA,NA,NA,NA,NA,NA,NA,NA,NA,NA,NA,NA,NA,NA,NA,2023,276
100,TRUE,R_2QF26r6oGnZumTy,Associate Professor,Medicine / LUMC,Open Access,Open Data,FAIR Data,Reproducibility,Open Software / code / syntax,NA,Open Peer Review,Citizen Science,Preprints,Preregistration/Registered report,NA,NA,NA,Open Access,NA,NA,NA,NA,NA,Open Peer Review,NA,Preprints,NA,NA,NA,NA,Open Access,Open Data,NA,NA,NA,NA,NA,NA,Preprints,NA,NA,NA,NA,Required by funder policy,NA,NA,It increases the impact of my research,I think it is an important part of research,NA,NA,NA,NA,NA,NA,NA,Lack of funding for Open Science practices,NA,NA,"Lack of recognition of Open Science practices in evaluation, promotion and recruitment criteria at my institution",NA,NA,Lack of recognition in my (international) field about the value of Open Science practices,NA,NA,NA,More policies that make Open Science practices required,More incentives that reward Open Science practices,NA,NA,NA,NA,Other,NA,NA,NA,NA,NA,NA,NA,NA,NA,NA,NA,NA,NA,2023,175
61,FALSE,R_3Oj03hYtwhYeRFs,Teacher,NA,NA,NA,NA,NA,NA,NA,NA,NA,NA,NA,NA,NA,NA,NA,NA,NA,NA,NA,NA,NA,NA,NA,NA,NA,NA,NA,NA,NA,NA,NA,NA,NA,NA,NA,NA,NA,NA,NA,NA,NA,NA,NA,NA,NA,NA,NA,NA,NA,NA,NA,NA,NA,NA,NA,NA,NA,NA,NA,NA,NA,NA,NA,NA,NA,NA,NA,NA,NA,NA,NA,NA,NA,NA,NA,NA,NA,NA,NA,NA,NA,NA,2023,427948
89,FALSE,R_1Do4o2YxNzudA19,Organisational Professional / Support Staff,Governance and Global Affairs,Open Access,Open Data,NA,Reproducibility,Open Software / code / syntax,Open Education,Open Peer Review,NA,NA,NA,Science Communication,NA,NA,Open Access,NA,NA,Reproducibility,NA,NA,NA,NA,NA,NA,NA,NA,NA,NA,NA,NA,NA,NA,NA,NA,NA,NA,NA,NA,NA,NA,NA,NA,NA,NA,NA,NA,NA,NA,NA,NA,NA,NA,NA,NA,NA,NA,NA,NA,NA,NA,NA,NA,NA,NA,NA,NA,NA,NA,NA,NA,NA,NA,NA,NA,NA,NA,NA,NA,NA,NA,I'm not dealing with Open Science (yet),NA,2023,89
100,TRUE,R_2dQ2s7sD4VE2kfL,Assistant Professor,Social and Behavioural Sciences,Open Access,Open Data,NA,Reproducibility,Open Software / code / syntax,NA,Open Peer Review,Citizen Science,Preprints,Preregistration/Registered report,Science Communication,NA,NA,NA,NA,NA,Reproducibility,Open Software / code / syntax,NA,NA,NA,NA,NA,NA,NA,NA,Open Access,Open Data,NA,NA,Open Software / code,NA,NA,NA,Preprints,NA,NA,NA,NA,NA,NA,NA,It increases the impact of my research,I think it is an important part of research,NA,NA,It looks good on my CV,NA,NA,NA,NA,NA,NA,Lack of time,"Lack of recognition of Open Science practices in evaluation, promotion and recruitment criteria at my institution",NA,NA,NA,NA,NA,NA,NA,More incentives that reward Open Science practices,More collaboration/engagement with peers to make norms about good practices visible,NA,NA,NA,NA,NA,NA,NA,NA,NA,NA,NA,NA,NA,NA,NA,NA,NA,2023,369
100,TRUE,R_12zCToa4hWCIS3B,Researcher,Other,Open Access,Open Data,FAIR Data,Reproducibility,Open Software / code / syntax,NA,Open Peer Review,Citizen Science,Preprints,Preregistration/Registered report,Science Communication,NA,NA,NA,NA,NA,NA,NA,NA,NA,NA,NA,NA,NA,NA,Other,NA,NA,NA,NA,NA,NA,NA,Citizen Science,NA,NA,NA,NA,NA,NA,NA,NA,It increases the impact of my research,I think it is an important part of research,NA,It is common practice amongst my collaborators from outside of my institute,NA,NA,NA,NA,NA,NA,NA,NA,NA,NA,NA,NA,NA,NA,Other,NA,NA,More collaboration/engagement with peers to make norms about good practices visible,Better interfaces/workflows that make it easy to practice Open Science,NA,NA,NA,NA,NA,NA,NA,NA,NA,NA,NA,NA,NA,NA,NA,NA,2023,382
100,TRUE,R_31j7YEFLQ6LC5P3,Teacher,Medicine / LUMC,Open Access,NA,FAIR Data,Reproducibility,Open Software / code / syntax,Open Education,Open Peer Review,Citizen Science,Preprints,Preregistration/Registered report,NA,NA,NA,NA,Open Data,FAIR Data,NA,NA,NA,NA,NA,NA,Preregistration/Registered report,NA,NA,NA,Open Access,NA,FAIR Data,Reproducibility,NA,NA,NA,NA,NA,NA,NA,NA,NA,NA,NA,NA,NA,I think it is an important part of research,NA,NA,NA,NA,NA,Lack of information/knowledge about the what and why of Open Science,NA,NA,Lack of clarity about ethical issues (e.g. data sharing),NA,NA,NA,NA,NA,NA,NA,NA,NA,NA,NA,Better interfaces/workflows that make it easy to practice Open Science,NA,NA,NA,NA,NA,NA,NA,NA,NA,NA,NA,NA,NA,NA,NA,NA,2023,187
100,TRUE,R_Dq6lse6JZkQHTmF,Teacher,Medicine / LUMC,Open Access,Open Data,NA,Reproducibility,Open Software / code / syntax,NA,Open Peer Review,NA,Preprints,NA,NA,NA,NA,Open Access,Open Data,FAIR Data,NA,NA,NA,NA,NA,NA,NA,NA,NA,NA,NA,NA,NA,NA,NA,NA,NA,NA,NA,NA,NA,I'm not practicing Open Science (yet),NA,NA,NA,NA,NA,NA,NA,NA,NA,NA,NA,Lack of information/knowledge about the what and why of Open Science,NA,NA,Lack of clarity about ethical issues (e.g. data sharing),NA,NA,NA,NA,NA,NA,NA,NA,NA,NA,NA,NA,More supporting infrastructure that makes it possible to practice Open Science,NA,NA,NA,NA,NA,NA,NA,NA,NA,NA,NA,NA,NA,NA,NA,2023,653
100,TRUE,R_1mVjlNyIWpiSbxg,Assistant Professor,Governance and Global Affairs,Open Access,Open Data,NA,Reproducibility,Open Software / code / syntax,NA,NA,NA,Preprints,Preregistration/Registered report,NA,NA,NA,NA,NA,NA,Reproducibility,Open Software / code / syntax,NA,NA,NA,NA,Preregistration/Registered report,NA,NA,NA,Open Access,Open Data,NA,Reproducibility,Open Software / code,NA,NA,NA,Preprints,Preregistration/Registered report,NA,NA,NA,NA,NA,NA,It increases the impact of my research,I think it is an important part of research,NA,It is common practice amongst my collaborators from outside of my institute,NA,NA,NA,NA,NA,Lack of funding for Open Science practices,NA,NA,NA,NA,I work with data that is sensitive / cannot be anonymised,NA,NA,NA,NA,NA,NA,NA,Better interfaces/workflows that make it easy to practice Open Science,More supporting infrastructure that makes it possible to practice Open Science,NA,NA,NA,NA,NA,NA,NA,NA,NA,NA,NA,NA,NA,NA,NA,2023,237
100,TRUE,R_2VO69dLBro63k2p,Assistant Professor,Social and Behavioural Sciences,Open Access,Open Data,NA,Reproducibility,Open Software / code / syntax,NA,Open Peer Review,Citizen Science,Preprints,Preregistration/Registered report,Science Communication,NA,NA,Open Access,Open Data,NA,Reproducibility,NA,NA,NA,NA,NA,NA,NA,NA,NA,Open Access,Open Data,NA,Reproducibility,Open Software / code,NA,NA,NA,NA,Preregistration/Registered report,Science Communication,NA,NA,Required by funder policy,NA,NA,NA,I think it is an important part of research,It is common practice in amongst my colleagues from my institute,NA,NA,NA,NA,NA,NA,Lack of funding for Open Science practices,Lack of clarity about ethical issues (e.g. data sharing),NA,NA,NA,NA,NA,NA,NA,NA,NA,NA,More collaboration/engagement with peers to make norms about good practices visible,Better interfaces/workflows that make it easy to practice Open Science,More supporting infrastructure that makes it possible to practice Open Science,NA,NA,NA,NA,NA,NA,NA,NA,NA,NA,NA,NA,NA,NA,NA,2023,367
100,TRUE,R_1NCaLQDs5zFgnV9,Postdoc,Medicine / LUMC,Open Access,NA,FAIR Data,Reproducibility,Open Software / code / syntax,NA,NA,NA,Preprints,NA,NA,NA,NA,Open Access,NA,FAIR Data,Reproducibility,NA,NA,NA,NA,NA,NA,NA,NA,NA,Open Access,Open Data,FAIR Data,Reproducibility,NA,NA,NA,NA,Preprints,NA,NA,NA,NA,NA,NA,NA,It increases the impact of my research,I think it is an important part of research,NA,NA,NA,NA,NA,NA,Lack of training on how to practice Open Science,Lack of funding for Open Science practices,NA,NA,NA,NA,NA,NA,NA,NA,NA,NA,NA,More collaboration/engagement with peers to make norms about good practices visible,Better interfaces/workflows that make it easy to practice Open Science,More supporting infrastructure that makes it possible to practice Open Science,NA,NA,NA,NA,NA,NA,NA,NA,NA,NA,NA,NA,NA,NA,NA,2023,478
100,TRUE,R_21zEgglvnQRIkKn,Researcher,Medicine / LUMC,Open Access,NA,NA,NA,NA,NA,Open Peer Review,NA,Preprints,Preregistration/Registered report,NA,NA,NA,Open Access,NA,NA,NA,NA,NA,NA,NA,Preprints,Preregistration/Registered report,NA,NA,NA,Open Access,NA,NA,NA,Open Software / code,NA,Open Peer Review,NA,NA,NA,NA,NA,NA,Required by funder policy,Required by journal policy,NA,NA,NA,NA,NA,NA,NA,NA,NA,NA,Lack of funding for Open Science practices,NA,NA,"Lack of recognition of Open Science practices in evaluation, promotion and recruitment criteria at my institution",NA,I work with data that is sensitive / cannot be anonymised,NA,NA,NA,NA,More policies that make Open Science practices required,More incentives that reward Open Science practices,NA,NA,More supporting infrastructure that makes it possible to practice Open Science,NA,NA,NA,NA,NA,NA,NA,NA,NA,NA,NA,NA,NA,NA,NA,2023,165
100,TRUE,R_ysdlV88sECzooTv,Researcher,Social and Behavioural Sciences,NA,NA,FAIR Data,NA,Open Software / code / syntax,NA,NA,Citizen Science,Preprints,NA,Science Communication,NA,NA,NA,NA,FAIR Data,NA,Open Software / code / syntax,NA,NA,Citizen Science,NA,NA,NA,NA,NA,NA,NA,FAIR Data,NA,Open Software / code,NA,NA,Citizen Science,NA,NA,Science Communication,NA,NA,NA,NA,NA,It increases the impact of my research,I think it is an important part of research,NA,It is common practice amongst my collaborators from outside of my institute,NA,NA,NA,NA,NA,Lack of funding for Open Science practices,NA,Lack of time,"Lack of recognition of Open Science practices in evaluation, promotion and recruitment criteria at my institution",NA,NA,NA,NA,NA,NA,NA,NA,More collaboration/engagement with peers to make norms about good practices visible,NA,More supporting infrastructure that makes it possible to practice Open Science,NA,Other,NA,NA,NA,NA,NA,NA,NA,NA,NA,NA,NA,NA,NA,2023,221
78,FALSE,R_26bzraKZymDztR7,Organisational Professional / Support Staff,Administrative / library / central,Open Access,NA,NA,NA,NA,NA,NA,Citizen Science,NA,NA,Science Communication,NA,NA,Open Access,NA,NA,NA,NA,NA,NA,Citizen Science,NA,NA,Science Communication,NA,NA,NA,NA,NA,NA,NA,NA,NA,NA,NA,NA,NA,NA,NA,NA,NA,NA,NA,NA,NA,NA,NA,NA,NA,NA,NA,NA,NA,NA,NA,NA,NA,NA,NA,NA,NA,NA,NA,NA,NA,NA,NA,NA,NA,NA,NA,NA,NA,NA,NA,NA,NA,NA,Science Communication,NA,NA,2023,64
100,TRUE,R_1C24dGI131EgJHL,Organisational Professional / Support Staff,Social and Behavioural Sciences,Open Access,Open Data,NA,Reproducibility,Open Software / code / syntax,Open Education,Open Peer Review,NA,NA,NA,NA,NA,NA,NA,Open Data,NA,NA,Open Software / code / syntax,Open Education,NA,NA,NA,NA,NA,NA,NA,NA,NA,NA,NA,NA,NA,NA,NA,NA,NA,NA,NA,NA,NA,NA,NA,NA,NA,NA,NA,NA,NA,NA,NA,NA,NA,NA,NA,NA,NA,NA,NA,NA,NA,NA,NA,NA,NA,NA,NA,NA,NA,Open Access,Open Data,NA,NA,NA,NA,NA,NA,NA,NA,NA,NA,NA,2023,923
100,TRUE,R_3OqfkOR2Oa8Ya2a,Researcher,Social and Behavioural Sciences,Open Access,NA,NA,NA,NA,NA,Open Peer Review,NA,Preprints,NA,Science Communication,NA,Other,NA,NA,NA,NA,NA,Open Education,NA,Citizen Science,NA,NA,Science Communication,NA,NA,Open Access,NA,NA,NA,NA,NA,Open Peer Review,NA,Preprints,NA,Science Communication,NA,NA,Required by funder policy,Required by journal policy,NA,NA,I think it is an important part of research,NA,NA,NA,NA,NA,Lack of information/knowledge about the what and why of Open Science,NA,NA,NA,Lack of time,NA,NA,NA,Lack of recognition in my (international) field about the value of Open Science practices,NA,NA,NA,More policies that make Open Science practices required,More incentives that reward Open Science practices,NA,NA,NA,NA,NA,NA,NA,NA,NA,NA,NA,NA,NA,NA,NA,NA,NA,NA,2023,286
100,TRUE,R_2wnSTWDHY8Iln05,PhD candidate,Archaeology,Open Access,Open Data,NA,Reproducibility,Open Software / code / syntax,Open Education,Open Peer Review,Citizen Science,NA,NA,Science Communication,NA,NA,Open Access,NA,NA,NA,NA,NA,NA,Citizen Science,NA,NA,Science Communication,NA,NA,NA,NA,NA,NA,NA,NA,NA,Citizen Science,NA,NA,Science Communication,NA,NA,NA,NA,NA,It increases the impact of my research,NA,It is common practice in amongst my colleagues from my institute,NA,It looks good on my CV,NA,NA,NA,NA,NA,NA,Lack of time,NA,NA,I work with data that is sensitive / cannot be anonymised,NA,NA,NA,NA,NA,NA,More collaboration/engagement with peers to make norms about good practices visible,Better interfaces/workflows that make it easy to practice Open Science,More supporting infrastructure that makes it possible to practice Open Science,NA,NA,NA,NA,NA,NA,NA,NA,NA,NA,NA,NA,NA,NA,NA,2023,131
100,TRUE,R_1ocBkFiDngiikF4,Associate Professor,Archaeology,Open Access,Open Data,FAIR Data,Reproducibility,Open Software / code / syntax,NA,Open Peer Review,Citizen Science,Preprints,NA,Science Communication,NA,NA,Open Access,NA,FAIR Data,NA,NA,NA,Open Peer Review,NA,NA,NA,NA,NA,NA,Open Access,Open Data,NA,NA,NA,NA,NA,NA,NA,NA,Science Communication,NA,NA,Required by funder policy,NA,NA,NA,I think it is an important part of research,NA,It is common practice amongst my collaborators from outside of my institute,NA,NA,NA,Lack of information/knowledge about the what and why of Open Science,Lack of training on how to practice Open Science,NA,NA,Lack of time,NA,NA,NA,NA,NA,NA,NA,More policies that make Open Science practices required,More incentives that reward Open Science practices,NA,Better interfaces/workflows that make it easy to practice Open Science,More supporting infrastructure that makes it possible to practice Open Science,NA,NA,NA,NA,NA,NA,NA,NA,NA,NA,NA,NA,NA,NA,NA,2023,266
100,TRUE,R_2qy2faIDQAMXOe0,Assistant Professor,Archaeology,Open Access,Open Data,FAIR Data,Reproducibility,Open Software / code / syntax,NA,Open Peer Review,Citizen Science,Preprints,NA,NA,NA,NA,NA,Open Data,FAIR Data,NA,Open Software / code / syntax,NA,NA,NA,NA,NA,NA,NA,NA,NA,NA,FAIR Data,NA,Open Software / code,NA,NA,NA,NA,NA,NA,NA,NA,NA,NA,NA,NA,I think it is an important part of research,NA,NA,NA,NA,NA,Lack of information/knowledge about the what and why of Open Science,NA,NA,NA,Lack of time,NA,Lack of positive examples / approaches set by other researchers,NA,NA,NA,NA,NA,NA,NA,More collaboration/engagement with peers to make norms about good practices visible,Better interfaces/workflows that make it easy to practice Open Science,More supporting infrastructure that makes it possible to practice Open Science,NA,NA,NA,NA,NA,NA,NA,NA,NA,NA,NA,NA,NA,NA,NA,2023,237
100,TRUE,R_1jpHy1yPoC3G7xu,Associate Professor,Social and Behavioural Sciences,Open Access,Open Data,FAIR Data,Reproducibility,Open Software / code / syntax,Open Education,Open Peer Review,NA,Preprints,Preregistration/Registered report,Science Communication,NA,NA,NA,NA,NA,Reproducibility,NA,NA,NA,NA,NA,Preregistration/Registered report,NA,NA,NA,Open Access,NA,NA,Reproducibility,Open Software / code,Open Education,NA,NA,Preprints,Preregistration/Registered report,NA,NA,NA,NA,NA,NA,NA,I think it is an important part of research,It is common practice in amongst my colleagues from my institute,It is common practice amongst my collaborators from outside of my institute,NA,NA,NA,NA,Lack of training on how to practice Open Science,NA,Lack of clarity about ethical issues (e.g. data sharing),NA,NA,NA,I work with data that is sensitive / cannot be anonymised,NA,NA,NA,NA,NA,NA,NA,Better interfaces/workflows that make it easy to practice Open Science,More supporting infrastructure that makes it possible to practice Open Science,NA,NA,NA,NA,NA,NA,NA,NA,NA,NA,NA,NA,NA,NA,NA,2023,803
100,TRUE,R_2fBgz3DWLy45Jtz,Organisational Professional / Support Staff,Administrative / library / central,Open Access,Open Data,FAIR Data,Reproducibility,Open Software / code / syntax,Open Education,Open Peer Review,Citizen Science,Preprints,Preregistration/Registered report,Science Communication,NA,Other,Open Access,NA,NA,Reproducibility,NA,NA,NA,NA,NA,NA,Science Communication,NA,NA,NA,NA,NA,NA,NA,NA,NA,NA,NA,NA,NA,NA,NA,NA,NA,NA,NA,NA,NA,NA,NA,NA,NA,NA,NA,NA,NA,NA,NA,NA,NA,NA,NA,NA,NA,NA,NA,NA,NA,NA,NA,NA,Open Access,Open Data,FAIR Data,Reproducibility,Open Software / code,Open Education,NA,NA,Preprint,Preregistration/Registered report,NA,NA,NA,2023,1137
100,TRUE,R_3kHTixaSx9Spji5,Assistant Professor,Social and Behavioural Sciences,Open Access,Open Data,FAIR Data,Reproducibility,Open Software / code / syntax,Open Education,Open Peer Review,Citizen Science,Preprints,Preregistration/Registered report,Science Communication,NA,NA,Open Access,NA,FAIR Data,Reproducibility,NA,NA,NA,NA,NA,NA,NA,NA,NA,Open Access,Open Data,FAIR Data,Reproducibility,Open Software / code,Open Education,Open Peer Review,NA,Preprints,Preregistration/Registered report,NA,NA,NA,NA,NA,NA,NA,I think it is an important part of research,NA,NA,NA,NA,"Other, namely",NA,Lack of training on how to practice Open Science,NA,NA,Lack of time,NA,NA,NA,NA,NA,NA,NA,NA,NA,NA,NA,NA,NA,Other,NA,NA,NA,NA,NA,NA,NA,NA,NA,NA,NA,NA,NA,2023,1028
100,TRUE,R_2dg7pW6ZgsyPD4M,Assistant Professor,Social and Behavioural Sciences,Open Access,Open Data,FAIR Data,Reproducibility,Open Software / code / syntax,NA,NA,Citizen Science,Preprints,Preregistration/Registered report,Science Communication,NA,NA,NA,NA,NA,Reproducibility,NA,NA,NA,NA,NA,Preregistration/Registered report,NA,NA,Other,Open Access,Open Data,NA,NA,Open Software / code,NA,NA,NA,Preprints,Preregistration/Registered report,Science Communication,NA,NA,NA,NA,NA,NA,I think it is an important part of research,NA,It is common practice amongst my collaborators from outside of my institute,NA,NA,"Other, namely",NA,NA,NA,NA,Lack of time,"Lack of recognition of Open Science practices in evaluation, promotion and recruitment criteria at my institution",NA,NA,NA,NA,NA,NA,NA,More incentives that reward Open Science practices,More collaboration/engagement with peers to make norms about good practices visible,NA,NA,NA,NA,NA,NA,NA,NA,NA,NA,NA,NA,NA,NA,NA,NA,NA,2023,443
100,TRUE,R_111uopvWw7lXZTQ,PhD candidate,Archaeology,Open Access,Open Data,FAIR Data,NA,Open Software / code / syntax,NA,Open Peer Review,NA,NA,NA,Science Communication,NA,NA,Open Access,NA,FAIR Data,NA,NA,NA,NA,NA,NA,NA,Science Communication,NA,NA,Open Access,Open Data,FAIR Data,Reproducibility,NA,NA,NA,NA,Preprints,NA,Science Communication,NA,NA,Required by funder policy,NA,NA,It increases the impact of my research,I think it is an important part of research,NA,NA,NA,NA,NA,NA,NA,Lack of funding for Open Science practices,NA,NA,"Lack of recognition of Open Science practices in evaluation, promotion and recruitment criteria at my institution",NA,NA,Lack of recognition in my (international) field about the value of Open Science practices,NA,NA,NA,More policies that make Open Science practices required,More incentives that reward Open Science practices,NA,NA,More supporting infrastructure that makes it possible to practice Open Science,NA,NA,NA,NA,NA,NA,NA,NA,NA,NA,NA,NA,NA,NA,NA,2023,113
100,TRUE,R_2OZQfITeLh06kE5,Assistant Professor,Social and Behavioural Sciences,Open Access,Open Data,FAIR Data,Reproducibility,Open Software / code / syntax,NA,Open Peer Review,Citizen Science,Preprints,Preregistration/Registered report,Science Communication,NA,NA,NA,NA,NA,NA,Open Software / code / syntax,NA,Open Peer Review,NA,Preprints,NA,NA,NA,NA,Open Access,Open Data,NA,Reproducibility,Open Software / code,NA,Open Peer Review,NA,Preprints,NA,Science Communication,NA,NA,NA,NA,NA,It increases the impact of my research,I think it is an important part of research,NA,It is common practice amongst my collaborators from outside of my institute,NA,NA,NA,NA,NA,NA,NA,Lack of time,"Lack of recognition of Open Science practices in evaluation, promotion and recruitment criteria at my institution",Lack of positive examples / approaches set by other researchers,NA,NA,NA,NA,NA,More policies that make Open Science practices required,More incentives that reward Open Science practices,More collaboration/engagement with peers to make norms about good practices visible,NA,NA,NA,NA,NA,NA,NA,NA,NA,NA,NA,NA,NA,NA,NA,NA,NA,2023,143
100,TRUE,R_20V5O38Wlz05TiP,Full Professor,Science,Open Access,NA,NA,Reproducibility,NA,NA,NA,NA,Preprints,NA,NA,NA,NA,NA,NA,NA,Reproducibility,Open Software / code / syntax,NA,NA,NA,Preprints,NA,NA,NA,NA,Open Access,NA,NA,NA,NA,NA,NA,NA,Preprints,NA,NA,NA,NA,NA,NA,NA,It increases the impact of my research,I think it is an important part of research,NA,NA,NA,NA,NA,Lack of information/knowledge about the what and why of Open Science,NA,NA,NA,Lack of time,NA,NA,NA,NA,NA,NA,NA,NA,NA,NA,Better interfaces/workflows that make it easy to practice Open Science,More supporting infrastructure that makes it possible to practice Open Science,NA,NA,NA,NA,NA,NA,NA,NA,NA,NA,NA,NA,NA,NA,NA,2023,219
100,TRUE,R_10De4tTZsMzgknO,NA,NA,NA,NA,NA,NA,NA,NA,NA,NA,NA,NA,NA,NA,NA,NA,NA,NA,NA,NA,NA,NA,NA,NA,NA,NA,NA,NA,NA,NA,NA,NA,NA,NA,NA,NA,NA,NA,NA,NA,NA,NA,NA,NA,NA,NA,NA,NA,NA,NA,NA,NA,NA,NA,NA,NA,NA,NA,NA,NA,NA,NA,NA,NA,NA,NA,NA,NA,NA,NA,NA,NA,NA,NA,NA,NA,NA,NA,NA,NA,NA,NA,NA,2023,84
72,FALSE,R_1hYGzPl3U0mpmV6,"Other, namely:",Medicine / LUMC,Open Access,NA,FAIR Data,Reproducibility,NA,NA,NA,NA,NA,NA,NA,NA,NA,Open Access,NA,FAIR Data,Reproducibility,NA,NA,NA,NA,NA,NA,NA,NA,NA,NA,NA,NA,NA,NA,NA,NA,NA,NA,NA,NA,NA,NA,NA,NA,NA,NA,NA,NA,NA,NA,NA,NA,NA,NA,NA,NA,NA,NA,NA,NA,NA,NA,NA,NA,NA,NA,NA,NA,NA,NA,NA,NA,NA,NA,NA,NA,NA,NA,NA,NA,NA,NA,NA,NA,2023,95
100,TRUE,R_2abG6rN0u1kTqmZ,Researcher,Social and Behavioural Sciences,Open Access,Open Data,FAIR Data,Reproducibility,Open Software / code / syntax,NA,Open Peer Review,Citizen Science,Preprints,NA,Science Communication,NA,NA,Open Access,NA,NA,Reproducibility,NA,NA,NA,NA,Preprints,NA,NA,NA,NA,Open Access,NA,NA,NA,NA,NA,Open Peer Review,NA,Preprints,NA,Science Communication,NA,NA,NA,NA,NA,It increases the impact of my research,I think it is an important part of research,It is common practice in amongst my colleagues from my institute,NA,NA,NA,NA,NA,NA,NA,NA,NA,NA,NA,NA,NA,I experience no barriers in practicing Open Science,NA,NA,NA,More incentives that reward Open Science practices,NA,Better interfaces/workflows that make it easy to practice Open Science,NA,NA,NA,NA,NA,NA,NA,NA,NA,NA,NA,NA,NA,NA,NA,NA,2023,381
100,TRUE,R_8ogNkhEXzVvpvYR,Researcher,Social and Behavioural Sciences,Open Access,Open Data,FAIR Data,Reproducibility,Open Software / code / syntax,Open Education,Open Peer Review,Citizen Science,Preprints,Preregistration/Registered report,Science Communication,NA,NA,NA,NA,NA,NA,NA,Open Education,NA,Citizen Science,NA,NA,Science Communication,NA,NA,Open Access,NA,NA,NA,NA,NA,NA,Citizen Science,Preprints,NA,Science Communication,NA,NA,Required by funder policy,NA,NA,NA,I think it is an important part of research,It is common practice in amongst my colleagues from my institute,NA,NA,NA,NA,Lack of information/knowledge about the what and why of Open Science,NA,NA,NA,Lack of time,"Lack of recognition of Open Science practices in evaluation, promotion and recruitment criteria at my institution",NA,NA,NA,NA,NA,NA,NA,More incentives that reward Open Science practices,NA,NA,NA,NA,NA,NA,NA,NA,NA,NA,NA,NA,NA,NA,NA,NA,NA,NA,2023,706
100,TRUE,R_1mgBeokWuXh2Z8D,Organisational Professional / Support Staff,Science,Open Access,Open Data,FAIR Data,NA,Open Software / code / syntax,Open Education,Open Peer Review,Citizen Science,Preprints,NA,Science Communication,NA,NA,Open Access,NA,NA,NA,Open Software / code / syntax,NA,Open Peer Review,NA,NA,NA,NA,NA,NA,NA,NA,NA,NA,NA,NA,NA,NA,NA,NA,NA,NA,NA,NA,NA,NA,NA,NA,NA,NA,NA,NA,NA,NA,NA,NA,NA,NA,NA,NA,NA,NA,NA,NA,NA,NA,NA,NA,NA,NA,NA,NA,NA,Open Data,NA,NA,NA,NA,NA,NA,NA,NA,NA,NA,NA,2023,100
100,TRUE,R_2TsBdNE29QUUC5L,PhD candidate,Medicine / LUMC,Open Access,NA,FAIR Data,Reproducibility,Open Software / code / syntax,NA,Open Peer Review,Citizen Science,Preprints,Preregistration/Registered report,Science Communication,NA,NA,NA,NA,FAIR Data,NA,Open Software / code / syntax,NA,NA,NA,Preprints,NA,NA,NA,NA,NA,NA,NA,NA,Open Software / code,NA,NA,NA,Preprints,NA,Science Communication,NA,NA,NA,NA,NA,It increases the impact of my research,I think it is an important part of research,It is common practice in amongst my colleagues from my institute,NA,NA,NA,NA,NA,Lack of training on how to practice Open Science,NA,NA,NA,NA,NA,NA,NA,NA,NA,NA,NA,NA,More collaboration/engagement with peers to make norms about good practices visible,Better interfaces/workflows that make it easy to practice Open Science,More supporting infrastructure that makes it possible to practice Open Science,NA,NA,NA,NA,NA,NA,NA,NA,NA,NA,NA,NA,NA,NA,NA,2023,157
100,TRUE,R_2qrUUOTjAtDW2RM,PhD candidate,Humanities,Open Access,NA,FAIR Data,Reproducibility,NA,NA,NA,Citizen Science,Preprints,NA,NA,NA,NA,Open Access,NA,NA,Reproducibility,NA,NA,NA,Citizen Science,NA,NA,NA,NA,NA,Open Access,NA,NA,NA,NA,NA,NA,NA,NA,NA,NA,NA,NA,Required by funder policy,NA,NA,It increases the impact of my research,I think it is an important part of research,NA,NA,NA,NA,NA,NA,NA,Lack of funding for Open Science practices,NA,NA,NA,NA,NA,NA,NA,NA,NA,NA,More incentives that reward Open Science practices,NA,NA,More supporting infrastructure that makes it possible to practice Open Science,NA,NA,NA,NA,NA,NA,NA,NA,NA,NA,NA,NA,NA,NA,NA,2023,362
100,TRUE,R_3dWwRZ3LWMFSglC,Organisational Professional / Support Staff,Interfaculty Institutes,NA,NA,NA,NA,NA,NA,NA,NA,NA,NA,NA,Not familiar with any,NA,Open Access,NA,FAIR Data,NA,NA,Open Education,NA,NA,NA,NA,NA,NA,NA,NA,NA,NA,NA,NA,NA,NA,NA,NA,NA,NA,NA,NA,NA,NA,NA,NA,NA,NA,NA,NA,NA,NA,NA,NA,NA,NA,NA,NA,NA,NA,NA,NA,NA,NA,NA,NA,NA,NA,NA,NA,NA,NA,NA,NA,NA,NA,NA,NA,NA,NA,NA,NA,I'm not dealing with Open Science (yet),NA,2023,106
100,TRUE,R_1IsVQHcFiFcTQ4N,Researcher,Social and Behavioural Sciences,Open Access,Open Data,FAIR Data,Reproducibility,Open Software / code / syntax,Open Education,Open Peer Review,Citizen Science,Preprints,Preregistration/Registered report,Science Communication,NA,NA,Open Access,NA,FAIR Data,NA,Open Software / code / syntax,NA,NA,NA,NA,NA,NA,NA,NA,Open Access,Open Data,FAIR Data,NA,NA,NA,NA,NA,Preprints,NA,NA,NA,NA,NA,NA,NA,NA,I think it is an important part of research,It is common practice in amongst my colleagues from my institute,NA,NA,NA,NA,NA,NA,NA,NA,Lack of time,NA,NA,NA,NA,NA,NA,NA,NA,NA,NA,Better interfaces/workflows that make it easy to practice Open Science,More supporting infrastructure that makes it possible to practice Open Science,NA,NA,NA,NA,NA,NA,NA,NA,NA,NA,NA,NA,NA,NA,NA,2023,2980
100,TRUE,R_3dQH2ppZhPXr8kk,Policy advisor,Other,Open Access,NA,FAIR Data,NA,NA,NA,NA,Citizen Science,Preprints,Preregistration/Registered report,Science Communication,NA,NA,NA,NA,FAIR Data,Reproducibility,Open Software / code / syntax,NA,NA,NA,NA,NA,NA,NA,NA,NA,NA,NA,NA,NA,NA,NA,NA,NA,NA,NA,NA,NA,NA,NA,NA,NA,NA,NA,NA,NA,NA,NA,NA,NA,NA,NA,NA,NA,NA,NA,NA,NA,NA,NA,NA,NA,NA,NA,NA,NA,NA,Open Access,Open Data,NA,NA,NA,NA,Open Peer Review,Citizen Science,Preprint,Preregistration/Registered report,NA,NA,NA,2023,463
100,TRUE,R_XSBN8VxQGxrRnbj,Organisational Professional / Support Staff,Science,Open Access,Open Data,FAIR Data,Reproducibility,Open Software / code / syntax,NA,NA,NA,Preprints,NA,Science Communication,NA,NA,Open Access,NA,FAIR Data,NA,Open Software / code / syntax,NA,NA,NA,NA,NA,NA,NA,NA,NA,NA,NA,NA,NA,NA,NA,NA,NA,NA,NA,NA,NA,NA,NA,NA,NA,NA,NA,NA,NA,NA,NA,NA,NA,NA,NA,NA,NA,NA,NA,NA,NA,NA,NA,NA,NA,NA,NA,NA,NA,NA,Open Access,Open Data,FAIR Data,Reproducibility,NA,NA,NA,NA,NA,NA,Science Communication,NA,NA,2023,209
100,TRUE,R_2xLZnzATg6iAE7p,Assistant Professor,Social and Behavioural Sciences,Open Access,Open Data,FAIR Data,Reproducibility,Open Software / code / syntax,Open Education,Open Peer Review,Citizen Science,Preprints,Preregistration/Registered report,Science Communication,NA,NA,NA,NA,NA,NA,NA,NA,Open Peer Review,NA,Preprints,NA,NA,NA,NA,Open Access,Open Data,NA,NA,NA,NA,Open Peer Review,NA,Preprints,NA,NA,NA,NA,Required by funder policy,Required by journal policy,NA,NA,NA,It is common practice in amongst my colleagues from my institute,NA,NA,NA,NA,NA,NA,NA,NA,NA,"Lack of recognition of Open Science practices in evaluation, promotion and recruitment criteria at my institution",NA,I work with data that is sensitive / cannot be anonymised,NA,NA,NA,Other,NA,NA,NA,NA,NA,I do not plan to practice Open Science,Other,NA,NA,NA,NA,NA,NA,NA,NA,NA,NA,NA,NA,NA,2023,366
100,TRUE,R_2Vyfg18z8VmlfXy,Assistant Professor,Social and Behavioural Sciences,Open Access,Open Data,FAIR Data,Reproducibility,NA,NA,Open Peer Review,Citizen Science,Preprints,Preregistration/Registered report,Science Communication,NA,NA,Open Access,Open Data,FAIR Data,NA,NA,NA,NA,NA,NA,NA,NA,NA,NA,Open Access,NA,NA,NA,NA,NA,NA,Citizen Science,NA,NA,Science Communication,NA,NA,NA,NA,NA,NA,I think it is an important part of research,NA,NA,NA,NA,NA,Lack of information/knowledge about the what and why of Open Science,NA,NA,Lack of clarity about ethical issues (e.g. data sharing),NA,NA,NA,I work with data that is sensitive / cannot be anonymised,NA,NA,NA,NA,More policies that make Open Science practices required,NA,More collaboration/engagement with peers to make norms about good practices visible,NA,More supporting infrastructure that makes it possible to practice Open Science,NA,NA,NA,NA,NA,NA,NA,NA,NA,NA,NA,NA,NA,NA,NA,2023,186
100,TRUE,R_Ocxwuc4fcgtccKZ,Postdoc,Archaeology,Open Access,Open Data,FAIR Data,Reproducibility,Open Software / code / syntax,NA,Open Peer Review,Citizen Science,Preprints,Preregistration/Registered report,Science Communication,NA,NA,Open Access,Open Data,NA,NA,NA,NA,Open Peer Review,NA,NA,NA,NA,NA,NA,Open Access,Open Data,FAIR Data,Reproducibility,Open Software / code,NA,Open Peer Review,NA,Preprints,NA,Science Communication,NA,NA,Required by funder policy,NA,NA,NA,I think it is an important part of research,NA,It is common practice amongst my collaborators from outside of my institute,NA,NA,NA,NA,NA,NA,NA,Lack of time,"Lack of recognition of Open Science practices in evaluation, promotion and recruitment criteria at my institution",NA,NA,Lack of recognition in my (international) field about the value of Open Science practices,NA,NA,NA,More policies that make Open Science practices required,More incentives that reward Open Science practices,NA,NA,More supporting infrastructure that makes it possible to practice Open Science,NA,NA,NA,NA,NA,NA,NA,NA,NA,NA,NA,NA,NA,NA,NA,2023,128
100,TRUE,R_Uub9rxHoqVpvllv,Organisational Professional / Support Staff,Administrative / library / central,Open Access,Open Data,FAIR Data,Reproducibility,Open Software / code / syntax,Open Education,Open Peer Review,Citizen Science,Preprints,Preregistration/Registered report,Science Communication,NA,NA,NA,NA,NA,Reproducibility,NA,Open Education,NA,NA,NA,NA,Science Communication,NA,NA,NA,NA,NA,NA,NA,NA,NA,NA,NA,NA,NA,NA,NA,NA,NA,NA,NA,NA,NA,NA,NA,NA,NA,NA,NA,NA,NA,NA,NA,NA,NA,NA,NA,NA,NA,NA,NA,NA,NA,NA,NA,NA,Open Access,Open Data,FAIR Data,Reproducibility,Open Software / code,Open Education,Open Peer Review,NA,Preprint,NA,Science Communication,NA,NA,2023,286
100,TRUE,R_1Ol93aJMMHypSCD,Researcher,Social and Behavioural Sciences,Open Access,Open Data,FAIR Data,Reproducibility,Open Software / code / syntax,Open Education,Open Peer Review,Citizen Science,Preprints,Preregistration/Registered report,NA,NA,NA,NA,NA,NA,NA,NA,NA,Open Peer Review,NA,Preprints,NA,NA,NA,Other,Open Access,Open Data,NA,NA,Open Software / code,NA,Open Peer Review,Citizen Science,Preprints,NA,NA,NA,NA,NA,NA,NA,NA,I think it is an important part of research,NA,NA,NA,NA,NA,NA,NA,NA,NA,Lack of time,NA,NA,NA,NA,NA,NA,NA,NA,More incentives that reward Open Science practices,NA,Better interfaces/workflows that make it easy to practice Open Science,NA,NA,Other,NA,NA,NA,NA,NA,NA,NA,NA,NA,NA,NA,NA,NA,2023,749
100,TRUE,R_0H5BBKwC0pFwCyZ,PhD candidate,Archaeology,Open Access,Open Data,NA,Reproducibility,NA,NA,Open Peer Review,Citizen Science,Preprints,NA,Science Communication,NA,NA,Open Access,NA,NA,NA,NA,NA,NA,Citizen Science,NA,NA,Science Communication,NA,NA,Open Access,NA,NA,NA,NA,NA,Open Peer Review,Citizen Science,NA,NA,Science Communication,NA,NA,NA,NA,NA,NA,I think it is an important part of research,NA,NA,NA,NA,NA,NA,NA,NA,NA,Lack of time,"Lack of recognition of Open Science practices in evaluation, promotion and recruitment criteria at my institution",NA,NA,Lack of recognition in my (international) field about the value of Open Science practices,NA,NA,NA,NA,More incentives that reward Open Science practices,More collaboration/engagement with peers to make norms about good practices visible,NA,NA,NA,NA,NA,NA,NA,NA,NA,NA,NA,NA,NA,NA,NA,NA,NA,2023,210
100,TRUE,R_3qyr4jOip4nOcCa,Organisational Professional / Support Staff,Administrative / library / central,Open Access,Open Data,FAIR Data,Reproducibility,Open Software / code / syntax,Open Education,Open Peer Review,Citizen Science,Preprints,Preregistration/Registered report,Science Communication,NA,NA,Open Access,NA,NA,NA,Open Software / code / syntax,NA,NA,NA,Preprints,NA,NA,NA,NA,NA,NA,NA,NA,NA,NA,NA,NA,NA,NA,NA,NA,NA,NA,NA,NA,NA,NA,NA,NA,NA,NA,NA,NA,NA,NA,NA,NA,NA,NA,NA,NA,NA,NA,NA,NA,NA,NA,NA,NA,NA,NA,Open Access,Open Data,FAIR Data,NA,Open Software / code,Open Education,Open Peer Review,NA,Preprint,Preregistration/Registered report,NA,NA,NA,2023,1260
100,TRUE,R_3q6RHOEnevH77IB,Researcher,Science,Open Access,Open Data,FAIR Data,NA,Open Software / code / syntax,NA,Open Peer Review,Citizen Science,Preprints,Preregistration/Registered report,Science Communication,NA,NA,Open Access,NA,NA,NA,NA,NA,NA,NA,NA,Preregistration/Registered report,Science Communication,NA,NA,Open Access,Open Data,NA,NA,Open Software / code,NA,Open Peer Review,NA,Preprints,NA,Science Communication,NA,NA,NA,NA,NA,It increases the impact of my research,I think it is an important part of research,NA,NA,NA,NA,"Other, namely",NA,Lack of training on how to practice Open Science,NA,NA,Lack of time,NA,NA,I work with data that is sensitive / cannot be anonymised,NA,NA,NA,NA,NA,NA,More collaboration/engagement with peers to make norms about good practices visible,Better interfaces/workflows that make it easy to practice Open Science,More supporting infrastructure that makes it possible to practice Open Science,NA,NA,NA,NA,NA,NA,NA,NA,NA,NA,NA,NA,NA,NA,NA,2023,283
100,TRUE,R_20SFtmXbFYXygzx,PhD candidate,Science,Open Access,Open Data,FAIR Data,Reproducibility,Open Software / code / syntax,NA,Open Peer Review,Citizen Science,Preprints,Preregistration/Registered report,Science Communication,NA,NA,Open Access,NA,NA,Reproducibility,Open Software / code / syntax,NA,NA,NA,NA,NA,NA,NA,NA,NA,Open Data,FAIR Data,Reproducibility,Open Software / code,NA,NA,NA,Preprints,NA,NA,NA,NA,NA,NA,NA,It increases the impact of my research,I think it is an important part of research,NA,NA,NA,NA,NA,NA,NA,NA,NA,NA,"Lack of recognition of Open Science practices in evaluation, promotion and recruitment criteria at my institution",Lack of positive examples / approaches set by other researchers,NA,Lack of recognition in my (international) field about the value of Open Science practices,NA,NA,NA,More policies that make Open Science practices required,More incentives that reward Open Science practices,More collaboration/engagement with peers to make norms about good practices visible,Better interfaces/workflows that make it easy to practice Open Science,NA,NA,NA,NA,NA,NA,NA,NA,NA,NA,NA,NA,NA,NA,NA,NA,2023,480
100,TRUE,R_24hE9qRpy3KcFza,PhD candidate,Archaeology,Open Access,NA,FAIR Data,Reproducibility,Open Software / code / syntax,NA,Open Peer Review,NA,NA,NA,Science Communication,NA,NA,NA,NA,NA,Reproducibility,Open Software / code / syntax,NA,NA,NA,NA,NA,Science Communication,NA,NA,Open Access,NA,NA,Reproducibility,Open Software / code,NA,NA,NA,NA,NA,NA,NA,NA,NA,NA,Required by University policy,NA,NA,NA,It is common practice amongst my collaborators from outside of my institute,NA,Required by my supervisor(s),NA,NA,NA,NA,Lack of clarity about ethical issues (e.g. data sharing),Lack of time,NA,NA,I work with data that is sensitive / cannot be anonymised,NA,NA,NA,NA,NA,NA,NA,NA,More supporting infrastructure that makes it possible to practice Open Science,NA,NA,NA,NA,NA,NA,NA,NA,NA,NA,NA,NA,NA,NA,NA,2023,105
100,TRUE,R_3nHnEJ95bWjqPOF,Organisational Professional / Support Staff,Administrative / library / central,Open Access,Open Data,NA,NA,Open Software / code / syntax,NA,Open Peer Review,Citizen Science,Preprints,NA,Science Communication,NA,NA,NA,Open Data,NA,NA,Open Software / code / syntax,NA,NA,NA,NA,NA,Science Communication,NA,NA,NA,NA,NA,NA,NA,NA,NA,NA,NA,NA,NA,NA,NA,NA,NA,NA,NA,NA,NA,NA,NA,NA,NA,NA,NA,NA,NA,NA,NA,NA,NA,NA,NA,NA,NA,NA,NA,NA,NA,NA,NA,NA,NA,Open Data,NA,NA,Open Software / code,NA,NA,NA,NA,NA,NA,NA,NA,2023,330
100,TRUE,R_1ImArl5EHBfxCHc,Researcher,Social and Behavioural Sciences,Open Access,Open Data,FAIR Data,Reproducibility,Open Software / code / syntax,Open Education,Open Peer Review,Citizen Science,Preprints,Preregistration/Registered report,Science Communication,NA,NA,NA,Open Data,NA,NA,Open Software / code / syntax,NA,NA,NA,Preprints,NA,NA,NA,NA,Open Access,Open Data,FAIR Data,NA,Open Software / code,NA,NA,NA,Preprints,NA,NA,NA,NA,NA,NA,NA,NA,I think it is an important part of research,It is common practice in amongst my colleagues from my institute,It is common practice amongst my collaborators from outside of my institute,NA,NA,NA,NA,NA,NA,NA,Lack of time,NA,NA,NA,NA,NA,NA,NA,NA,NA,NA,Better interfaces/workflows that make it easy to practice Open Science,More supporting infrastructure that makes it possible to practice Open Science,NA,NA,NA,NA,NA,NA,NA,NA,NA,NA,NA,NA,NA,NA,NA,2023,149
100,TRUE,R_b0X5s3qf1HShso9,Assistant Professor,Medicine / LUMC,NA,NA,NA,NA,NA,NA,NA,NA,NA,NA,NA,NA,NA,NA,NA,NA,NA,NA,NA,NA,NA,NA,NA,NA,NA,NA,NA,NA,NA,NA,NA,NA,NA,NA,NA,NA,NA,NA,NA,NA,NA,NA,NA,NA,NA,NA,NA,NA,NA,NA,NA,NA,NA,NA,NA,NA,NA,NA,NA,NA,NA,NA,NA,NA,NA,NA,NA,NA,NA,NA,NA,NA,NA,NA,NA,NA,NA,NA,NA,NA,NA,2023,83
100,TRUE,R_puWORhOKFhJuFsl,"Other, namely:",Other,NA,NA,NA,NA,NA,NA,NA,NA,NA,NA,NA,Not familiar with any,NA,NA,Open Data,NA,NA,Open Software / code / syntax,NA,NA,NA,NA,NA,Science Communication,NA,NA,NA,NA,NA,NA,NA,NA,NA,NA,NA,NA,NA,NA,NA,NA,NA,NA,NA,NA,NA,NA,NA,NA,NA,NA,NA,NA,NA,NA,NA,NA,NA,NA,NA,NA,NA,NA,NA,NA,NA,NA,NA,NA,NA,NA,NA,NA,NA,NA,NA,NA,NA,NA,NA,I'm not dealing with Open Science (yet),NA,2023,890
100,TRUE,R_1ovxYHXGtxwPSex,Assistant Professor,Archaeology,Open Access,Open Data,FAIR Data,NA,NA,Open Education,Open Peer Review,Citizen Science,NA,NA,Science Communication,NA,NA,Open Access,Open Data,NA,Reproducibility,NA,NA,NA,NA,NA,NA,NA,NA,NA,Open Access,Open Data,FAIR Data,Reproducibility,NA,Open Education,NA,NA,NA,NA,Science Communication,NA,NA,NA,NA,NA,It increases the impact of my research,I think it is an important part of research,NA,NA,It looks good on my CV,NA,NA,NA,NA,Lack of funding for Open Science practices,Lack of clarity about ethical issues (e.g. data sharing),Lack of time,NA,NA,NA,NA,NA,NA,NA,NA,NA,More collaboration/engagement with peers to make norms about good practices visible,Better interfaces/workflows that make it easy to practice Open Science,More supporting infrastructure that makes it possible to practice Open Science,NA,NA,NA,NA,NA,NA,NA,NA,NA,NA,NA,NA,NA,NA,NA,2023,305
100,TRUE,R_1E6TEQiNBgnzZqW,Associate Professor,Archaeology,Open Access,Open Data,FAIR Data,Reproducibility,NA,NA,Open Peer Review,Citizen Science,Preprints,Preregistration/Registered report,Science Communication,NA,NA,Open Access,NA,NA,NA,NA,NA,Open Peer Review,NA,NA,Preregistration/Registered report,NA,NA,NA,Open Access,NA,NA,NA,NA,NA,NA,NA,Preprints,NA,Science Communication,NA,NA,Required by funder policy,NA,NA,It increases the impact of my research,I think it is an important part of research,NA,NA,NA,NA,NA,NA,NA,Lack of funding for Open Science practices,NA,Lack of time,NA,NA,NA,Lack of recognition in my (international) field about the value of Open Science practices,NA,NA,NA,NA,NA,NA,Better interfaces/workflows that make it easy to practice Open Science,More supporting infrastructure that makes it possible to practice Open Science,NA,NA,NA,NA,NA,NA,NA,NA,NA,NA,NA,NA,NA,NA,NA,2023,184
100,TRUE,R_31zxidaeSgbYUmm,Postdoc,Archaeology,Open Access,Open Data,FAIR Data,NA,Open Software / code / syntax,NA,Open Peer Review,NA,Preprints,NA,NA,NA,NA,NA,NA,FAIR Data,NA,Open Software / code / syntax,NA,NA,NA,Preprints,NA,NA,NA,NA,NA,Open Data,NA,NA,NA,NA,NA,NA,NA,NA,NA,NA,NA,Required by funder policy,NA,NA,It increases the impact of my research,I think it is an important part of research,NA,NA,NA,NA,NA,NA,Lack of training on how to practice Open Science,NA,NA,NA,NA,NA,NA,NA,NA,NA,NA,NA,More incentives that reward Open Science practices,NA,Better interfaces/workflows that make it easy to practice Open Science,More supporting infrastructure that makes it possible to practice Open Science,NA,NA,NA,NA,NA,NA,NA,NA,NA,NA,NA,NA,NA,NA,NA,2023,282
100,TRUE,R_1M4CgzLpqa99TtQ,Policy advisor,Law,Open Access,Open Data,FAIR Data,NA,NA,NA,NA,Citizen Science,Preprints,NA,Science Communication,NA,NA,Open Access,NA,FAIR Data,NA,NA,NA,NA,NA,NA,NA,Science Communication,NA,NA,NA,NA,NA,NA,NA,NA,NA,NA,NA,NA,NA,NA,NA,NA,NA,NA,NA,NA,NA,NA,NA,NA,NA,NA,NA,NA,NA,NA,NA,NA,NA,NA,NA,NA,NA,NA,NA,NA,NA,NA,NA,NA,Open Access,NA,NA,NA,NA,NA,NA,NA,NA,NA,NA,NA,NA,2023,364
100,TRUE,R_3qwA3snKvcAxTBL,Associate Professor,Social and Behavioural Sciences,Open Access,NA,NA,Reproducibility,Open Software / code / syntax,NA,Open Peer Review,Citizen Science,Preprints,Preregistration/Registered report,Science Communication,NA,NA,Open Access,NA,NA,Reproducibility,NA,NA,NA,NA,NA,Preregistration/Registered report,NA,NA,NA,Open Access,NA,NA,Reproducibility,NA,NA,NA,Citizen Science,Preprints,Preregistration/Registered report,Science Communication,NA,NA,NA,NA,NA,It increases the impact of my research,I think it is an important part of research,NA,NA,NA,NA,"Other, namely",Lack of information/knowledge about the what and why of Open Science,NA,Lack of funding for Open Science practices,NA,Lack of time,NA,NA,NA,NA,NA,NA,NA,NA,More incentives that reward Open Science practices,NA,Better interfaces/workflows that make it easy to practice Open Science,More supporting infrastructure that makes it possible to practice Open Science,NA,NA,NA,NA,NA,NA,NA,NA,NA,NA,NA,NA,NA,NA,NA,2023,248
100,TRUE,R_2dfG4qCl3AmgeMa,Organisational Professional / Support Staff,Administrative / library / central,Open Access,Open Data,FAIR Data,Reproducibility,Open Software / code / syntax,Open Education,Open Peer Review,Citizen Science,Preprints,Preregistration/Registered report,Science Communication,NA,NA,NA,Open Data,NA,Reproducibility,NA,NA,NA,NA,Preprints,NA,NA,NA,NA,NA,NA,NA,NA,NA,NA,NA,NA,NA,NA,NA,NA,NA,NA,NA,NA,NA,NA,NA,NA,NA,NA,NA,NA,NA,NA,NA,NA,NA,NA,NA,NA,NA,NA,NA,NA,NA,NA,NA,NA,NA,NA,NA,Open Data,FAIR Data,NA,Open Software / code,Open Education,NA,NA,NA,NA,NA,NA,NA,2023,2847
100,TRUE,R_4VF4avit38xHpSh,Full Professor,Medicine / LUMC,Open Access,Open Data,FAIR Data,Reproducibility,NA,NA,Open Peer Review,NA,Preprints,Preregistration/Registered report,NA,NA,NA,NA,NA,NA,Reproducibility,Open Software / code / syntax,NA,NA,NA,Preprints,NA,NA,NA,NA,Open Access,NA,FAIR Data,NA,Open Software / code,NA,Open Peer Review,NA,Preprints,Preregistration/Registered report,NA,NA,NA,Required by funder policy,NA,NA,It increases the impact of my research,I think it is an important part of research,NA,NA,NA,NA,NA,NA,NA,NA,NA,NA,NA,NA,NA,NA,NA,NA,Other,NA,NA,NA,NA,More supporting infrastructure that makes it possible to practice Open Science,NA,NA,NA,NA,NA,NA,NA,NA,NA,NA,NA,NA,NA,NA,NA,2023,334
100,TRUE,R_paR7hXxZ5RkTkeB,NA,NA,NA,NA,NA,NA,NA,NA,NA,NA,NA,NA,NA,NA,NA,NA,NA,NA,NA,NA,NA,NA,NA,NA,NA,NA,NA,NA,NA,NA,NA,NA,NA,NA,NA,NA,NA,NA,NA,NA,NA,NA,NA,NA,NA,NA,NA,NA,NA,NA,NA,NA,NA,NA,NA,NA,NA,NA,NA,NA,NA,NA,NA,NA,NA,NA,NA,NA,NA,NA,NA,NA,NA,NA,NA,NA,NA,NA,NA,NA,NA,NA,NA,2023,53
100,TRUE,R_3QW8jXigTbd399w,NA,NA,NA,NA,NA,NA,NA,NA,Open Peer Review,NA,NA,NA,NA,NA,NA,NA,NA,NA,NA,NA,NA,NA,NA,NA,NA,NA,NA,NA,NA,NA,NA,NA,NA,NA,NA,NA,NA,NA,NA,NA,NA,NA,NA,NA,NA,NA,NA,NA,NA,NA,NA,NA,NA,NA,NA,NA,NA,NA,NA,NA,NA,NA,NA,NA,NA,NA,NA,NA,NA,NA,NA,NA,NA,NA,NA,NA,NA,NA,NA,NA,NA,NA,NA,2023,28
100,TRUE,R_Ulqdnrk8EivPzZn,Organisational Professional / Support Staff,Medicine / LUMC,Open Access,Open Data,FAIR Data,Reproducibility,Open Software / code / syntax,Open Education,NA,Citizen Science,NA,NA,Science Communication,NA,NA,NA,Open Data,FAIR Data,NA,NA,NA,NA,NA,NA,NA,Science Communication,NA,NA,NA,NA,NA,NA,NA,NA,NA,NA,NA,NA,NA,NA,NA,NA,NA,NA,NA,NA,NA,NA,NA,NA,NA,NA,NA,NA,NA,NA,NA,NA,NA,NA,NA,NA,NA,NA,NA,NA,NA,NA,NA,NA,Open Access,Open Data,FAIR Data,NA,NA,NA,NA,NA,NA,NA,NA,NA,Other,2023,291
100,TRUE,R_1eDD58UsfjzbSJo,Organisational Professional / Support Staff,Humanities,NA,NA,NA,NA,Open Software / code / syntax,Open Education,Open Peer Review,Citizen Science,NA,NA,NA,NA,Other,Open Access,NA,NA,NA,Open Software / code / syntax,Open Education,NA,NA,NA,NA,NA,NA,NA,NA,NA,NA,NA,NA,NA,NA,NA,NA,NA,NA,NA,NA,NA,NA,NA,NA,NA,NA,NA,NA,NA,NA,NA,NA,NA,NA,NA,NA,NA,NA,NA,NA,NA,NA,NA,NA,NA,NA,NA,NA,NA,NA,NA,NA,NA,Open Software / code,Open Education,NA,NA,NA,NA,NA,NA,NA,2023,486
100,TRUE,R_5gVSbT0ly9re717,PhD candidate,Social and Behavioural Sciences,Open Access,Open Data,NA,Reproducibility,NA,NA,Open Peer Review,Citizen Science,Preprints,Preregistration/Registered report,Science Communication,NA,NA,NA,Open Data,NA,Reproducibility,NA,NA,Open Peer Review,NA,NA,NA,NA,NA,NA,Open Access,Open Data,NA,NA,NA,NA,Open Peer Review,NA,NA,NA,Science Communication,NA,NA,NA,NA,NA,It increases the impact of my research,I think it is an important part of research,NA,NA,NA,Required by my supervisor(s),NA,NA,NA,NA,NA,NA,"Lack of recognition of Open Science practices in evaluation, promotion and recruitment criteria at my institution",Lack of positive examples / approaches set by other researchers,I work with data that is sensitive / cannot be anonymised,NA,NA,NA,NA,More policies that make Open Science practices required,More incentives that reward Open Science practices,More collaboration/engagement with peers to make norms about good practices visible,Better interfaces/workflows that make it easy to practice Open Science,More supporting infrastructure that makes it possible to practice Open Science,NA,NA,NA,NA,NA,NA,NA,NA,NA,NA,NA,NA,NA,NA,NA,2023,14354
56,FALSE,R_57n5tuh1oG5bxAd,Associate Professor,Science,Open Access,NA,NA,NA,Open Software / code / syntax,NA,NA,NA,NA,NA,NA,NA,NA,NA,NA,NA,NA,NA,NA,NA,NA,NA,NA,NA,NA,NA,NA,NA,NA,NA,NA,NA,NA,NA,NA,NA,NA,NA,NA,NA,NA,NA,NA,NA,NA,NA,NA,NA,NA,NA,NA,NA,NA,NA,NA,NA,NA,NA,NA,NA,NA,NA,NA,NA,NA,NA,NA,NA,NA,NA,NA,NA,NA,NA,NA,NA,NA,NA,NA,NA,NA,2023,108
100,TRUE,R_SZyXsDiH0P4JMAh,Postdoc,Archaeology,NA,Open Data,FAIR Data,Reproducibility,Open Software / code / syntax,NA,Open Peer Review,Citizen Science,Preprints,NA,Science Communication,NA,NA,NA,NA,FAIR Data,NA,Open Software / code / syntax,NA,NA,NA,Preprints,NA,NA,NA,NA,Open Access,NA,FAIR Data,NA,Open Software / code,NA,NA,NA,NA,NA,Science Communication,NA,NA,NA,NA,NA,NA,I think it is an important part of research,NA,NA,NA,NA,NA,NA,Lack of training on how to practice Open Science,NA,NA,NA,NA,NA,NA,Lack of recognition in my (international) field about the value of Open Science practices,NA,NA,NA,NA,More incentives that reward Open Science practices,More collaboration/engagement with peers to make norms about good practices visible,Better interfaces/workflows that make it easy to practice Open Science,NA,NA,NA,NA,NA,NA,NA,NA,NA,NA,NA,NA,NA,NA,NA,NA,2023,576
100,TRUE,R_1Yye0Ng7IuYRKVz,Researcher,Social and Behavioural Sciences,Open Access,Open Data,FAIR Data,NA,Open Software / code / syntax,Open Education,Open Peer Review,Citizen Science,Preprints,Preregistration/Registered report,Science Communication,NA,NA,Open Access,NA,NA,NA,NA,NA,Open Peer Review,NA,NA,NA,Science Communication,NA,NA,Open Access,Open Data,NA,NA,NA,NA,Open Peer Review,NA,Preprints,NA,Science Communication,NA,NA,NA,NA,Required by University policy,NA,I think it is an important part of research,NA,NA,NA,Required by my supervisor(s),NA,NA,NA,Lack of funding for Open Science practices,NA,Lack of time,NA,NA,NA,Lack of recognition in my (international) field about the value of Open Science practices,NA,NA,NA,NA,More incentives that reward Open Science practices,NA,Better interfaces/workflows that make it easy to practice Open Science,More supporting infrastructure that makes it possible to practice Open Science,NA,NA,NA,NA,NA,NA,NA,NA,NA,NA,NA,NA,NA,NA,NA,2023,412
100,TRUE,R_1esF3idv5xhrfiG,Organisational Professional / Support Staff,Social and Behavioural Sciences,Open Access,NA,NA,Reproducibility,NA,NA,NA,NA,NA,NA,Science Communication,NA,NA,NA,Open Data,NA,Reproducibility,NA,NA,NA,NA,NA,Preregistration/Registered report,NA,NA,NA,NA,NA,NA,NA,NA,NA,NA,NA,NA,NA,NA,NA,NA,NA,NA,NA,NA,NA,NA,NA,NA,NA,NA,NA,NA,NA,NA,NA,NA,NA,NA,NA,NA,NA,NA,NA,NA,NA,NA,NA,NA,NA,NA,Open Data,NA,NA,Open Software / code,NA,NA,NA,NA,NA,NA,NA,NA,2023,749
72,FALSE,R_2w5dtvkwY5LKa8T,"Other, namely:",Social and Behavioural Sciences,Open Access,Open Data,FAIR Data,Reproducibility,Open Software / code / syntax,Open Education,Open Peer Review,Citizen Science,Preprints,Preregistration/Registered report,Science Communication,NA,Other,NA,NA,NA,Reproducibility,NA,Open Education,Open Peer Review,NA,NA,NA,NA,NA,NA,NA,NA,NA,NA,NA,NA,NA,NA,NA,NA,NA,NA,NA,NA,NA,NA,NA,NA,NA,NA,NA,NA,NA,NA,NA,NA,NA,NA,NA,NA,NA,NA,NA,NA,NA,NA,NA,NA,NA,NA,NA,NA,NA,NA,NA,NA,NA,NA,NA,NA,NA,NA,NA,NA,NA,2023,301
89,FALSE,R_1BQPE7DkKpM2gh5,Organisational Professional / Support Staff,Administrative / library / central,Open Access,Open Data,FAIR Data,Reproducibility,Open Software / code / syntax,Open Education,Open Peer Review,Citizen Science,Preprints,Preregistration/Registered report,Science Communication,NA,NA,Open Access,NA,FAIR Data,NA,Open Software / code / syntax,NA,NA,NA,NA,NA,NA,NA,NA,NA,NA,NA,NA,NA,NA,NA,NA,NA,NA,NA,NA,NA,NA,NA,NA,NA,NA,NA,NA,NA,NA,NA,NA,NA,NA,NA,NA,NA,NA,NA,NA,NA,NA,NA,NA,NA,NA,NA,NA,NA,NA,Open Access,Open Data,FAIR Data,Reproducibility,Open Software / code,Open Education,NA,Citizen Science,Preprint,NA,NA,NA,NA,2023,155
89,FALSE,R_1QAZqNR1xma7ZlN,"Other, namely:",Archaeology,Open Access,Open Data,NA,NA,NA,NA,Open Peer Review,NA,Preprints,NA,NA,NA,NA,NA,Open Data,NA,Reproducibility,Open Software / code / syntax,NA,NA,NA,NA,NA,NA,NA,NA,NA,NA,NA,NA,NA,NA,NA,NA,NA,NA,NA,NA,NA,NA,NA,NA,NA,NA,NA,NA,NA,NA,NA,NA,NA,NA,NA,NA,NA,NA,NA,NA,NA,NA,NA,NA,NA,NA,NA,NA,NA,NA,Open Access,Open Data,NA,NA,NA,NA,Open Peer Review,NA,Preprint,NA,NA,NA,NA,2023,2790
100,TRUE,R_9oa5H8WDWEH8jw5,"Other, namely:",Social and Behavioural Sciences,Open Access,Open Data,FAIR Data,Reproducibility,Open Software / code / syntax,Open Education,Open Peer Review,Citizen Science,Preprints,Preregistration/Registered report,Science Communication,NA,NA,Open Access,NA,NA,NA,NA,NA,NA,NA,Preprints,NA,NA,NA,Other,NA,NA,NA,NA,NA,NA,NA,NA,NA,NA,NA,NA,NA,NA,NA,NA,NA,NA,NA,NA,NA,NA,NA,NA,NA,NA,NA,NA,NA,NA,NA,NA,NA,NA,NA,NA,NA,NA,NA,NA,NA,NA,Open Access,Open Data,FAIR Data,NA,Open Software / code,NA,NA,Citizen Science,NA,NA,Science Communication,NA,NA,2023,1972
100,TRUE,R_pxZMYGSo3mvaxyx,Organisational Professional / Support Staff,Administrative / library / central,Open Access,Open Data,FAIR Data,Reproducibility,Open Software / code / syntax,Open Education,Open Peer Review,Citizen Science,Preprints,Preregistration/Registered report,Science Communication,NA,NA,NA,NA,FAIR Data,Reproducibility,NA,NA,NA,NA,Preprints,NA,NA,NA,NA,NA,NA,NA,NA,NA,NA,NA,NA,NA,NA,NA,NA,NA,NA,NA,NA,NA,NA,NA,NA,NA,NA,NA,NA,NA,NA,NA,NA,NA,NA,NA,NA,NA,NA,NA,NA,NA,NA,NA,NA,NA,NA,Open Access,Open Data,FAIR Data,NA,NA,Open Education,NA,NA,Preprint,NA,Science Communication,NA,NA,2023,406
100,TRUE,R_3MATUCE28sdrLEW,PhD candidate,Humanities,Open Access,Open Data,FAIR Data,Reproducibility,Open Software / code / syntax,NA,Open Peer Review,Citizen Science,Preprints,NA,Science Communication,NA,NA,Open Access,NA,FAIR Data,Reproducibility,NA,NA,NA,NA,NA,NA,NA,NA,NA,Open Access,Open Data,FAIR Data,Reproducibility,Open Software / code,NA,Open Peer Review,NA,NA,NA,Science Communication,NA,NA,NA,NA,NA,It increases the impact of my research,I think it is an important part of research,NA,It is common practice amongst my collaborators from outside of my institute,NA,NA,NA,Lack of information/knowledge about the what and why of Open Science,NA,NA,NA,NA,NA,Lack of positive examples / approaches set by other researchers,NA,NA,NA,NA,NA,More policies that make Open Science practices required,More incentives that reward Open Science practices,More collaboration/engagement with peers to make norms about good practices visible,NA,More supporting infrastructure that makes it possible to practice Open Science,NA,NA,NA,NA,NA,NA,NA,NA,NA,NA,NA,NA,NA,NA,NA,2023,45066
100,TRUE,R_1exZkH5Q5YsPSIO,Assistant Professor,Social and Behavioural Sciences,Open Access,Open Data,FAIR Data,NA,Open Software / code / syntax,Open Education,Open Peer Review,Citizen Science,Preprints,NA,NA,NA,NA,Open Access,NA,NA,NA,Open Software / code / syntax,Open Education,NA,NA,NA,NA,NA,NA,NA,Open Access,NA,NA,NA,Open Software / code,NA,NA,Citizen Science,NA,NA,NA,NA,NA,NA,NA,NA,It increases the impact of my research,NA,NA,NA,NA,NA,NA,NA,NA,NA,NA,NA,NA,Lack of positive examples / approaches set by other researchers,NA,NA,NA,NA,NA,NA,NA,More collaboration/engagement with peers to make norms about good practices visible,NA,More supporting infrastructure that makes it possible to practice Open Science,NA,NA,NA,NA,NA,NA,NA,NA,NA,NA,NA,NA,NA,NA,NA,2023,142
100,TRUE,R_6kWwiFycfRIgQCt,PhD candidate,Social and Behavioural Sciences,NA,Open Data,NA,NA,Open Software / code / syntax,NA,NA,Citizen Science,Preprints,NA,NA,NA,NA,Open Access,Open Data,NA,NA,NA,NA,NA,Citizen Science,NA,NA,NA,NA,NA,NA,NA,NA,NA,NA,NA,NA,NA,NA,NA,NA,I'm not practicing Open Science (yet),NA,NA,NA,NA,NA,NA,NA,NA,NA,NA,NA,NA,NA,NA,NA,Lack of time,"Lack of recognition of Open Science practices in evaluation, promotion and recruitment criteria at my institution",Lack of positive examples / approaches set by other researchers,NA,NA,NA,NA,NA,More policies that make Open Science practices required,More incentives that reward Open Science practices,More collaboration/engagement with peers to make norms about good practices visible,NA,NA,NA,NA,NA,NA,NA,NA,NA,NA,NA,NA,NA,NA,NA,NA,NA,2023,177
100,TRUE,R_3PAIYAo39gvGqdV,Postdoc,Law,Open Access,NA,NA,NA,NA,NA,NA,NA,Preprints,NA,Science Communication,NA,NA,Open Access,NA,NA,NA,NA,Open Education,Open Peer Review,NA,NA,NA,NA,NA,NA,Open Access,NA,NA,NA,NA,NA,NA,NA,NA,NA,Science Communication,NA,NA,NA,NA,NA,NA,I think it is an important part of research,NA,NA,NA,NA,"Other, namely",NA,NA,Lack of funding for Open Science practices,NA,NA,"Lack of recognition of Open Science practices in evaluation, promotion and recruitment criteria at my institution",NA,NA,Lack of recognition in my (international) field about the value of Open Science practices,NA,NA,NA,NA,More incentives that reward Open Science practices,NA,NA,More supporting infrastructure that makes it possible to practice Open Science,NA,Other,NA,NA,NA,NA,NA,NA,NA,NA,NA,NA,NA,NA,NA,2023,506
100,TRUE,R_2sTgRVxMut19DzL,Assistant Professor,Social and Behavioural Sciences,Open Access,Open Data,NA,Reproducibility,Open Software / code / syntax,Open Education,Open Peer Review,Citizen Science,Preprints,Preregistration/Registered report,Science Communication,NA,NA,Open Access,Open Data,NA,NA,NA,Open Education,NA,NA,NA,NA,NA,NA,NA,Open Access,Open Data,NA,Reproducibility,NA,Open Education,Open Peer Review,NA,Preprints,NA,Science Communication,NA,NA,NA,NA,Required by University policy,NA,I think it is an important part of research,It is common practice in amongst my colleagues from my institute,NA,NA,NA,NA,NA,NA,NA,NA,Lack of time,NA,NA,NA,NA,NA,NA,Other,NA,NA,NA,Better interfaces/workflows that make it easy to practice Open Science,More supporting infrastructure that makes it possible to practice Open Science,NA,NA,NA,NA,NA,NA,NA,NA,NA,NA,NA,NA,NA,NA,NA,2023,549
100,TRUE,R_1PcQNbUT3MwMGNH,Researcher,Social and Behavioural Sciences,Open Access,Open Data,FAIR Data,NA,Open Software / code / syntax,NA,NA,Citizen Science,Preprints,NA,Science Communication,NA,NA,NA,NA,NA,NA,NA,NA,NA,Citizen Science,NA,NA,Science Communication,NA,NA,NA,NA,NA,NA,NA,NA,NA,Citizen Science,NA,NA,Science Communication,NA,NA,NA,NA,NA,NA,NA,NA,NA,NA,NA,"Other, namely",NA,NA,Lack of funding for Open Science practices,NA,NA,"Lack of recognition of Open Science practices in evaluation, promotion and recruitment criteria at my institution",NA,NA,NA,NA,NA,NA,NA,NA,NA,NA,More supporting infrastructure that makes it possible to practice Open Science,NA,Other,NA,NA,NA,NA,NA,NA,NA,NA,NA,NA,NA,NA,NA,2023,157
100,TRUE,R_0STzxEUiTqojoMp,Postdoc,Science,Open Access,Open Data,NA,Reproducibility,Open Software / code / syntax,NA,NA,Citizen Science,Preprints,NA,Science Communication,NA,NA,Open Access,NA,NA,Reproducibility,NA,NA,NA,NA,NA,NA,Science Communication,NA,NA,Open Access,Open Data,NA,Reproducibility,NA,NA,NA,NA,Preprints,NA,Science Communication,NA,NA,NA,NA,NA,It increases the impact of my research,I think it is an important part of research,NA,NA,It looks good on my CV,NA,NA,Lack of information/knowledge about the what and why of Open Science,Lack of training on how to practice Open Science,NA,NA,NA,NA,NA,NA,Lack of recognition in my (international) field about the value of Open Science practices,NA,NA,NA,NA,NA,More collaboration/engagement with peers to make norms about good practices visible,NA,NA,NA,NA,NA,NA,NA,NA,NA,NA,NA,NA,NA,NA,NA,NA,NA,2023,446
100,TRUE,R_UhaWFCwBkYjSorn,Organisational Professional / Support Staff,Medicine / LUMC,Open Access,Open Data,NA,Reproducibility,Open Software / code / syntax,NA,Open Peer Review,Citizen Science,Preprints,NA,Science Communication,NA,NA,Open Access,NA,NA,Reproducibility,NA,NA,NA,NA,NA,NA,Science Communication,NA,NA,NA,NA,NA,NA,NA,NA,NA,NA,NA,NA,NA,NA,NA,NA,NA,NA,NA,NA,NA,NA,NA,NA,NA,NA,NA,NA,NA,NA,NA,NA,NA,NA,NA,NA,NA,NA,NA,NA,NA,NA,NA,NA,NA,NA,NA,NA,NA,NA,NA,NA,NA,NA,Science Communication,NA,NA,2023,334
100,TRUE,R_2UbVOiGumhSMvnr,Full Professor,Social and Behavioural Sciences,Open Access,Open Data,FAIR Data,Reproducibility,Open Software / code / syntax,Open Education,Open Peer Review,Citizen Science,Preprints,Preregistration/Registered report,Science Communication,NA,NA,Open Access,NA,NA,NA,NA,NA,NA,Citizen Science,NA,NA,Science Communication,NA,NA,Open Access,NA,NA,NA,NA,NA,Open Peer Review,NA,Preprints,NA,Science Communication,NA,NA,NA,NA,NA,It increases the impact of my research,I think it is an important part of research,It is common practice in amongst my colleagues from my institute,NA,NA,NA,NA,NA,NA,NA,NA,Lack of time,"Lack of recognition of Open Science practices in evaluation, promotion and recruitment criteria at my institution",NA,I work with data that is sensitive / cannot be anonymised,NA,NA,NA,NA,NA,More incentives that reward Open Science practices,NA,Better interfaces/workflows that make it easy to practice Open Science,More supporting infrastructure that makes it possible to practice Open Science,NA,NA,NA,NA,NA,NA,NA,NA,NA,NA,NA,NA,NA,NA,NA,2023,3028
100,TRUE,R_1ojSFbEEwtxSa6S,Policy advisor,Administrative / library / central,Open Access,Open Data,FAIR Data,Reproducibility,NA,Open Education,NA,Citizen Science,Preprints,NA,Science Communication,NA,NA,NA,NA,FAIR Data,Reproducibility,NA,Open Education,NA,NA,NA,NA,NA,NA,NA,NA,NA,NA,NA,NA,NA,NA,NA,NA,NA,NA,NA,NA,NA,NA,NA,NA,NA,NA,NA,NA,NA,NA,NA,NA,NA,NA,NA,NA,NA,NA,NA,NA,NA,NA,NA,NA,NA,NA,NA,NA,NA,Open Access,NA,NA,NA,NA,Open Education,NA,Citizen Science,NA,NA,Science Communication,NA,NA,2023,683
100,TRUE,R_1F4YORygOxMhvuI,Assistant Professor,Medicine / LUMC,Open Access,Open Data,FAIR Data,Reproducibility,Open Software / code / syntax,NA,Open Peer Review,Citizen Science,Preprints,Preregistration/Registered report,Science Communication,NA,NA,Open Access,NA,NA,NA,Open Software / code / syntax,NA,Open Peer Review,NA,NA,NA,NA,NA,NA,Open Access,NA,FAIR Data,NA,Open Software / code,NA,NA,NA,Preprints,NA,Science Communication,NA,NA,NA,NA,NA,It increases the impact of my research,I think it is an important part of research,NA,NA,NA,NA,NA,NA,NA,Lack of funding for Open Science practices,NA,NA,NA,NA,I work with data that is sensitive / cannot be anonymised,NA,NA,NA,NA,NA,NA,NA,Better interfaces/workflows that make it easy to practice Open Science,More supporting infrastructure that makes it possible to practice Open Science,NA,NA,NA,NA,NA,NA,NA,NA,NA,NA,NA,NA,NA,NA,NA,2023,459
100,TRUE,R_OMYEIiCYGFcZV1D,Associate Professor,Social and Behavioural Sciences,Open Access,Open Data,FAIR Data,Reproducibility,Open Software / code / syntax,Open Education,Open Peer Review,Citizen Science,Preprints,Preregistration/Registered report,Science Communication,NA,NA,Open Access,NA,NA,NA,NA,NA,NA,NA,NA,NA,Science Communication,NA,NA,Open Access,NA,FAIR Data,NA,NA,NA,NA,Citizen Science,Preprints,Preregistration/Registered report,Science Communication,NA,NA,NA,NA,Required by University policy,NA,I think it is an important part of research,NA,It is common practice amongst my collaborators from outside of my institute,NA,NA,NA,NA,NA,NA,NA,Lack of time,"Lack of recognition of Open Science practices in evaluation, promotion and recruitment criteria at my institution",NA,NA,NA,NA,NA,NA,NA,NA,NA,Better interfaces/workflows that make it easy to practice Open Science,More supporting infrastructure that makes it possible to practice Open Science,NA,NA,NA,NA,NA,NA,NA,NA,NA,NA,NA,NA,NA,NA,NA,2023,265
100,TRUE,R_2YXNEVrJCwZkTtt,Assistant Professor,Science,Open Access,Open Data,FAIR Data,NA,Open Software / code / syntax,NA,Open Peer Review,Citizen Science,Preprints,Preregistration/Registered report,Science Communication,NA,NA,Open Access,Open Data,NA,NA,NA,NA,NA,NA,NA,NA,Science Communication,NA,NA,Open Access,Open Data,NA,NA,Open Software / code,NA,NA,NA,Preprints,Preregistration/Registered report,Science Communication,NA,NA,NA,NA,NA,It increases the impact of my research,I think it is an important part of research,It is common practice in amongst my colleagues from my institute,NA,NA,NA,NA,NA,Lack of training on how to practice Open Science,Lack of funding for Open Science practices,NA,NA,NA,NA,NA,NA,NA,NA,NA,More policies that make Open Science practices required,More incentives that reward Open Science practices,NA,NA,More supporting infrastructure that makes it possible to practice Open Science,NA,NA,NA,NA,NA,NA,NA,NA,NA,NA,NA,NA,NA,NA,NA,2023,176
100,TRUE,R_O7G3T11OMeWknst,Full Professor,Science,Open Access,Open Data,FAIR Data,NA,NA,NA,Open Peer Review,NA,Preprints,NA,NA,NA,NA,Open Access,Open Data,FAIR Data,NA,NA,NA,NA,NA,NA,NA,NA,NA,NA,Open Access,NA,NA,NA,NA,NA,NA,NA,NA,NA,NA,NA,NA,Required by funder policy,Required by journal policy,Required by University policy,NA,NA,NA,NA,NA,NA,NA,NA,NA,Lack of funding for Open Science practices,NA,NA,NA,NA,NA,Lack of recognition in my (international) field about the value of Open Science practices,NA,NA,NA,NA,NA,NA,NA,NA,NA,Other,NA,NA,NA,NA,NA,NA,NA,NA,NA,NA,NA,NA,NA,2023,320
100,TRUE,R_31z10L0S7vRkxVQ,Associate Professor,Science,Open Access,Open Data,FAIR Data,Reproducibility,Open Software / code / syntax,Open Education,NA,Citizen Science,Preprints,NA,Science Communication,NA,NA,Open Access,NA,NA,NA,NA,Open Education,NA,NA,NA,NA,Science Communication,NA,NA,Open Access,Open Data,NA,NA,NA,Open Education,NA,Citizen Science,NA,NA,Science Communication,NA,NA,Required by funder policy,NA,NA,It increases the impact of my research,I think it is an important part of research,NA,NA,NA,NA,NA,NA,NA,NA,NA,NA,"Lack of recognition of Open Science practices in evaluation, promotion and recruitment criteria at my institution",NA,NA,Lack of recognition in my (international) field about the value of Open Science practices,NA,NA,NA,NA,More incentives that reward Open Science practices,NA,NA,NA,NA,NA,NA,NA,NA,NA,NA,NA,NA,NA,NA,NA,NA,NA,NA,2023,352
100,TRUE,R_TitdQi6RU30GMkp,PhD candidate,Medicine / LUMC,Open Access,Open Data,NA,Reproducibility,NA,NA,NA,NA,Preprints,NA,Science Communication,NA,NA,Open Access,Open Data,NA,NA,NA,NA,NA,NA,NA,NA,Science Communication,NA,NA,NA,Open Data,NA,NA,NA,NA,NA,NA,NA,NA,NA,NA,NA,NA,Required by journal policy,NA,NA,I think it is an important part of research,NA,It is common practice amongst my collaborators from outside of my institute,NA,NA,NA,NA,Lack of training on how to practice Open Science,NA,NA,Lack of time,NA,NA,NA,NA,NA,NA,NA,More policies that make Open Science practices required,NA,NA,Better interfaces/workflows that make it easy to practice Open Science,More supporting infrastructure that makes it possible to practice Open Science,NA,NA,NA,NA,NA,NA,NA,NA,NA,NA,NA,NA,NA,NA,NA,2023,283
100,TRUE,R_3Gqb2hjHJiuHbVR,PhD candidate,Medicine / LUMC,Open Access,Open Data,NA,Reproducibility,Open Software / code / syntax,NA,Open Peer Review,NA,Preprints,Preregistration/Registered report,Science Communication,NA,NA,NA,Open Data,NA,Reproducibility,NA,NA,NA,NA,NA,Preregistration/Registered report,NA,NA,NA,NA,Open Data,NA,Reproducibility,NA,NA,NA,NA,NA,Preregistration/Registered report,Science Communication,NA,NA,NA,NA,NA,It increases the impact of my research,I think it is an important part of research,It is common practice in amongst my colleagues from my institute,NA,NA,NA,NA,NA,NA,NA,NA,NA,NA,NA,NA,NA,I experience no barriers in practicing Open Science,NA,NA,NA,NA,More collaboration/engagement with peers to make norms about good practices visible,NA,NA,NA,NA,NA,NA,NA,NA,NA,NA,NA,NA,NA,NA,NA,NA,NA,2023,564
100,TRUE,R_12M5Hs36aOs18rG,Organisational Professional / Support Staff,Administrative / library / central,Open Access,Open Data,FAIR Data,Reproducibility,Open Software / code / syntax,Open Education,Open Peer Review,Citizen Science,Preprints,Preregistration/Registered report,Science Communication,NA,NA,Open Access,NA,FAIR Data,NA,Open Software / code / syntax,NA,NA,NA,NA,NA,NA,NA,NA,NA,NA,NA,NA,NA,NA,NA,NA,NA,NA,NA,NA,NA,NA,NA,NA,NA,NA,NA,NA,NA,NA,NA,NA,NA,NA,NA,NA,NA,NA,NA,NA,NA,NA,NA,NA,NA,NA,NA,NA,NA,NA,Open Access,NA,FAIR Data,Reproducibility,Open Software / code,NA,NA,NA,NA,NA,NA,NA,NA,2023,347
100,TRUE,R_2VkyZXVDMaKVe7v,Teacher,Social and Behavioural Sciences,Open Access,NA,FAIR Data,Reproducibility,Open Software / code / syntax,NA,Open Peer Review,NA,Preprints,Preregistration/Registered report,NA,NA,NA,NA,NA,NA,Reproducibility,Open Software / code / syntax,NA,Open Peer Review,NA,NA,NA,NA,NA,NA,Open Access,NA,NA,Reproducibility,NA,NA,NA,NA,NA,Preregistration/Registered report,NA,NA,NA,NA,NA,NA,It increases the impact of my research,I think it is an important part of research,NA,NA,NA,NA,NA,NA,Lack of training on how to practice Open Science,NA,NA,NA,NA,Lack of positive examples / approaches set by other researchers,NA,NA,NA,NA,NA,More policies that make Open Science practices required,NA,NA,Better interfaces/workflows that make it easy to practice Open Science,More supporting infrastructure that makes it possible to practice Open Science,NA,NA,NA,NA,NA,NA,NA,NA,NA,NA,NA,NA,NA,NA,NA,2023,367
100,TRUE,R_1g5cCeVNYkKtFkL,Postdoc,Social and Behavioural Sciences,Open Access,Open Data,FAIR Data,Reproducibility,Open Software / code / syntax,NA,Open Peer Review,Citizen Science,Preprints,Preregistration/Registered report,Science Communication,NA,NA,NA,NA,NA,NA,NA,NA,NA,NA,Preprints,NA,NA,NA,NA,Open Access,NA,NA,NA,NA,NA,NA,NA,Preprints,Preregistration/Registered report,NA,NA,NA,NA,NA,NA,NA,I think it is an important part of research,NA,NA,NA,NA,NA,Lack of information/knowledge about the what and why of Open Science,Lack of training on how to practice Open Science,NA,NA,NA,NA,Lack of positive examples / approaches set by other researchers,NA,NA,NA,NA,NA,NA,NA,More collaboration/engagement with peers to make norms about good practices visible,Better interfaces/workflows that make it easy to practice Open Science,More supporting infrastructure that makes it possible to practice Open Science,NA,NA,NA,NA,NA,NA,NA,NA,NA,NA,NA,NA,NA,NA,NA,2023,1340
100,TRUE,R_WxR7kqlvFkSZv1f,Full Professor,Governance and Global Affairs,Open Access,Open Data,FAIR Data,NA,NA,NA,Open Peer Review,Citizen Science,NA,Preregistration/Registered report,Science Communication,NA,NA,Open Access,NA,FAIR Data,NA,NA,NA,NA,Citizen Science,NA,NA,NA,NA,NA,NA,NA,NA,NA,NA,NA,NA,NA,Preprints,NA,Science Communication,NA,NA,Required by funder policy,Required by journal policy,NA,NA,I think it is an important part of research,NA,NA,NA,NA,NA,NA,NA,NA,Lack of clarity about ethical issues (e.g. data sharing),Lack of time,NA,NA,I work with data that is sensitive / cannot be anonymised,NA,NA,NA,NA,NA,NA,NA,NA,NA,NA,Other,NA,NA,NA,NA,NA,NA,NA,NA,NA,NA,NA,NA,NA,2023,205
100,TRUE,R_21aNbrwXIo1iKO0,PhD candidate,Humanities,Open Access,Open Data,FAIR Data,NA,NA,NA,NA,Citizen Science,NA,NA,Science Communication,NA,NA,Open Access,NA,FAIR Data,NA,NA,Open Education,NA,NA,NA,NA,NA,NA,NA,NA,NA,NA,NA,NA,NA,NA,NA,NA,NA,Science Communication,NA,NA,NA,NA,NA,It increases the impact of my research,I think it is an important part of research,NA,NA,NA,NA,"Other, namely",NA,NA,NA,Lack of clarity about ethical issues (e.g. data sharing),Lack of time,NA,NA,NA,Lack of recognition in my (international) field about the value of Open Science practices,NA,NA,NA,NA,NA,More collaboration/engagement with peers to make norms about good practices visible,Better interfaces/workflows that make it easy to practice Open Science,More supporting infrastructure that makes it possible to practice Open Science,NA,NA,NA,NA,NA,NA,NA,NA,NA,NA,NA,NA,NA,NA,NA,2023,438
100,TRUE,R_2OZS33ulBcdFxfV,PhD candidate,Science,Open Access,Open Data,FAIR Data,Reproducibility,Open Software / code / syntax,NA,Open Peer Review,Citizen Science,Preprints,NA,Science Communication,NA,NA,Open Access,Open Data,NA,Reproducibility,NA,NA,NA,NA,NA,NA,NA,NA,NA,Open Access,NA,NA,Reproducibility,NA,NA,NA,NA,Preprints,NA,Science Communication,NA,NA,Required by funder policy,NA,NA,NA,I think it is an important part of research,It is common practice in amongst my colleagues from my institute,NA,NA,NA,NA,NA,NA,NA,NA,Lack of time,"Lack of recognition of Open Science practices in evaluation, promotion and recruitment criteria at my institution",NA,NA,NA,NA,NA,NA,More policies that make Open Science practices required,More incentives that reward Open Science practices,NA,NA,NA,NA,NA,NA,NA,NA,NA,NA,NA,NA,NA,NA,NA,NA,NA,NA,2023,670
100,TRUE,R_2f85YwbRk0TnyaR,Assistant Professor,Science,Open Access,Open Data,NA,Reproducibility,Open Software / code / syntax,Open Education,NA,Citizen Science,Preprints,NA,Science Communication,NA,NA,Open Access,NA,NA,Reproducibility,NA,NA,NA,NA,Preprints,NA,NA,NA,NA,Open Access,Open Data,NA,NA,NA,NA,NA,NA,Preprints,NA,Science Communication,NA,NA,NA,NA,NA,NA,I think it is an important part of research,It is common practice in amongst my colleagues from my institute,It is common practice amongst my collaborators from outside of my institute,NA,NA,NA,NA,NA,NA,NA,Lack of time,NA,NA,NA,NA,NA,NA,NA,NA,More incentives that reward Open Science practices,NA,NA,More supporting infrastructure that makes it possible to practice Open Science,NA,NA,NA,NA,NA,NA,NA,NA,NA,NA,NA,NA,NA,NA,NA,2023,16411
100,TRUE,R_2Vm6SE1TdtOoDj5,PhD candidate,Science,Open Access,Open Data,FAIR Data,NA,NA,NA,NA,Citizen Science,NA,NA,Science Communication,NA,NA,Open Access,Open Data,NA,NA,NA,NA,NA,NA,NA,NA,Science Communication,NA,NA,Open Access,Open Data,NA,NA,NA,NA,NA,NA,Preprints,NA,NA,NA,NA,Required by funder policy,NA,NA,NA,I think it is an important part of research,NA,NA,NA,NA,NA,NA,NA,NA,NA,NA,NA,NA,I work with data that is sensitive / cannot be anonymised,NA,NA,NA,NA,More policies that make Open Science practices required,More incentives that reward Open Science practices,NA,NA,More supporting infrastructure that makes it possible to practice Open Science,NA,NA,NA,NA,NA,NA,NA,NA,NA,NA,NA,NA,NA,NA,NA,2023,1289
100,TRUE,R_2BzC7QhyVgeWoiQ,PhD candidate,Science,Open Access,NA,NA,NA,Open Software / code / syntax,NA,NA,NA,Preprints,NA,Science Communication,NA,NA,Open Access,NA,NA,NA,NA,NA,NA,NA,NA,NA,Science Communication,NA,NA,NA,NA,NA,NA,NA,NA,NA,NA,NA,NA,Science Communication,NA,NA,NA,NA,NA,NA,NA,NA,NA,NA,NA,"Other, namely",Lack of information/knowledge about the what and why of Open Science,NA,NA,NA,NA,NA,NA,NA,Lack of recognition in my (international) field about the value of Open Science practices,NA,NA,NA,NA,NA,NA,NA,NA,NA,Other,NA,NA,NA,NA,NA,NA,NA,NA,NA,NA,NA,NA,NA,2023,259
100,TRUE,R_3QciU1Jkdfl8Xpn,Assistant Professor,Science,Open Access,Open Data,FAIR Data,NA,Open Software / code / syntax,NA,Open Peer Review,Citizen Science,Preprints,NA,Science Communication,NA,NA,Open Access,NA,NA,NA,NA,NA,NA,Citizen Science,NA,NA,Science Communication,NA,NA,Open Access,NA,NA,NA,NA,NA,NA,Citizen Science,Preprints,NA,Science Communication,NA,NA,Required by funder policy,NA,NA,It increases the impact of my research,I think it is an important part of research,NA,NA,NA,NA,NA,NA,NA,Lack of funding for Open Science practices,NA,NA,"Lack of recognition of Open Science practices in evaluation, promotion and recruitment criteria at my institution",NA,I work with data that is sensitive / cannot be anonymised,NA,NA,NA,NA,NA,NA,More collaboration/engagement with peers to make norms about good practices visible,Better interfaces/workflows that make it easy to practice Open Science,NA,NA,Other,NA,NA,NA,NA,NA,NA,NA,NA,NA,NA,NA,NA,NA,2023,304
89,FALSE,R_3Iz9cmfOJ7znea5,Organisational Professional / Support Staff,Archaeology,NA,NA,NA,NA,Open Software / code / syntax,NA,NA,Citizen Science,NA,NA,NA,NA,NA,Open Access,Open Data,NA,NA,NA,Open Education,NA,NA,NA,NA,NA,NA,NA,NA,NA,NA,NA,NA,NA,NA,NA,NA,NA,NA,NA,NA,NA,NA,NA,NA,NA,NA,NA,NA,NA,NA,NA,NA,NA,NA,NA,NA,NA,NA,NA,NA,NA,NA,NA,NA,NA,NA,NA,NA,NA,NA,NA,NA,NA,Open Software / code,NA,NA,Citizen Science,NA,NA,NA,NA,NA,2023,628
100,TRUE,R_1LFGPvGxlorT6qb,PhD candidate,Law,NA,NA,NA,NA,NA,NA,NA,NA,Preprints,NA,NA,NA,NA,NA,NA,NA,NA,NA,NA,NA,NA,NA,NA,NA,NA,Other,NA,NA,NA,NA,NA,NA,NA,NA,Preprints,NA,NA,NA,Other,NA,NA,Required by University policy,NA,NA,NA,NA,NA,NA,NA,Lack of information/knowledge about the what and why of Open Science,NA,NA,NA,NA,"Lack of recognition of Open Science practices in evaluation, promotion and recruitment criteria at my institution",Lack of positive examples / approaches set by other researchers,NA,NA,NA,NA,NA,NA,More incentives that reward Open Science practices,More collaboration/engagement with peers to make norms about good practices visible,NA,More supporting infrastructure that makes it possible to practice Open Science,NA,NA,NA,NA,NA,NA,NA,NA,NA,NA,NA,NA,NA,NA,NA,2023,314
100,TRUE,R_2To4OD1h9kOFMLe,Assistant Professor,Science,Open Access,Open Data,NA,NA,Open Software / code / syntax,NA,Open Peer Review,Citizen Science,Preprints,Preregistration/Registered report,Science Communication,NA,NA,Open Access,NA,NA,NA,Open Software / code / syntax,NA,NA,NA,NA,Preregistration/Registered report,NA,NA,NA,Open Access,NA,NA,NA,Open Software / code,NA,NA,NA,Preprints,Preregistration/Registered report,Science Communication,NA,NA,NA,NA,NA,It increases the impact of my research,I think it is an important part of research,It is common practice in amongst my colleagues from my institute,NA,NA,NA,NA,Lack of information/knowledge about the what and why of Open Science,NA,Lack of funding for Open Science practices,NA,NA,NA,NA,NA,Lack of recognition in my (international) field about the value of Open Science practices,NA,NA,NA,NA,NA,More collaboration/engagement with peers to make norms about good practices visible,Better interfaces/workflows that make it easy to practice Open Science,More supporting infrastructure that makes it possible to practice Open Science,NA,NA,NA,NA,NA,NA,NA,NA,NA,NA,NA,NA,NA,NA,NA,2023,143
100,TRUE,R_1NwzLqMZAaUJp13,Assistant Professor,Humanities,Open Access,NA,NA,Reproducibility,NA,NA,NA,Citizen Science,Preprints,NA,NA,NA,NA,NA,NA,NA,NA,NA,NA,NA,Citizen Science,Preprints,NA,NA,NA,NA,Open Access,NA,NA,NA,NA,NA,NA,NA,Preprints,NA,NA,NA,NA,Required by funder policy,NA,NA,NA,I think it is an important part of research,NA,NA,NA,NA,NA,NA,Lack of training on how to practice Open Science,NA,Lack of clarity about ethical issues (e.g. data sharing),NA,NA,Lack of positive examples / approaches set by other researchers,NA,NA,NA,NA,NA,NA,NA,More collaboration/engagement with peers to make norms about good practices visible,NA,NA,NA,NA,NA,NA,NA,NA,NA,NA,NA,NA,NA,NA,NA,NA,NA,2023,380
100,TRUE,R_1eL8Dlc7G2p2iz4,Organisational Professional / Support Staff,Social and Behavioural Sciences,Open Access,NA,NA,NA,NA,NA,NA,NA,NA,NA,NA,NA,NA,Open Access,NA,NA,NA,NA,NA,NA,NA,NA,Preregistration/Registered report,NA,NA,NA,NA,NA,NA,NA,NA,NA,NA,NA,NA,NA,NA,NA,NA,NA,NA,NA,NA,NA,NA,NA,NA,NA,NA,NA,NA,NA,NA,NA,NA,NA,NA,NA,NA,NA,NA,NA,NA,NA,NA,NA,NA,NA,Open Access,NA,NA,NA,NA,NA,NA,NA,NA,NA,NA,NA,NA,2023,254
100,TRUE,R_216sbuAGvqFGLlF,PhD candidate,Science,Open Access,NA,FAIR Data,Reproducibility,Open Software / code / syntax,NA,NA,NA,Preprints,NA,NA,NA,NA,Open Access,NA,FAIR Data,Reproducibility,NA,NA,NA,NA,NA,NA,NA,NA,NA,Open Access,NA,NA,Reproducibility,NA,NA,NA,NA,Preprints,NA,NA,NA,NA,NA,NA,NA,NA,I think it is an important part of research,NA,NA,NA,NA,NA,NA,NA,Lack of funding for Open Science practices,NA,NA,NA,NA,NA,NA,NA,NA,NA,NA,NA,NA,NA,More supporting infrastructure that makes it possible to practice Open Science,NA,NA,NA,NA,NA,NA,NA,NA,NA,NA,NA,NA,NA,NA,NA,2023,110
100,TRUE,R_3RseBoJ1KrYQEBY,Teacher,Science,Open Access,Open Data,FAIR Data,Reproducibility,Open Software / code / syntax,Open Education,Open Peer Review,Citizen Science,Preprints,NA,Science Communication,NA,NA,NA,Open Data,NA,NA,NA,Open Education,NA,NA,NA,NA,Science Communication,NA,NA,Open Access,NA,NA,NA,NA,Open Education,NA,NA,NA,NA,Science Communication,NA,NA,NA,NA,NA,It increases the impact of my research,I think it is an important part of research,It is common practice in amongst my colleagues from my institute,NA,NA,NA,NA,NA,NA,NA,NA,NA,NA,NA,NA,NA,I experience no barriers in practicing Open Science,NA,NA,NA,NA,NA,Better interfaces/workflows that make it easy to practice Open Science,More supporting infrastructure that makes it possible to practice Open Science,NA,NA,NA,NA,NA,NA,NA,NA,NA,NA,NA,NA,NA,NA,NA,2023,749
100,TRUE,R_1gBmGmFIlOF21hp,Assistant Professor,Science,Open Access,Open Data,FAIR Data,Reproducibility,Open Software / code / syntax,Open Education,Open Peer Review,Citizen Science,Preprints,Preregistration/Registered report,Science Communication,NA,NA,NA,Open Data,FAIR Data,Reproducibility,NA,NA,NA,NA,NA,NA,NA,NA,NA,NA,NA,FAIR Data,NA,NA,NA,NA,NA,Preprints,NA,NA,NA,NA,Required by funder policy,NA,NA,NA,NA,NA,NA,NA,NA,NA,NA,NA,Lack of funding for Open Science practices,NA,NA,NA,NA,NA,Lack of recognition in my (international) field about the value of Open Science practices,NA,NA,NA,NA,NA,More collaboration/engagement with peers to make norms about good practices visible,NA,More supporting infrastructure that makes it possible to practice Open Science,NA,NA,NA,NA,NA,NA,NA,NA,NA,NA,NA,NA,NA,NA,NA,2023,325
100,TRUE,R_3oN6rwpMAUjxMIa,Organisational Professional / Support Staff,Administrative / library / central,Open Access,Open Data,FAIR Data,NA,NA,Open Education,Open Peer Review,NA,Preprints,NA,Science Communication,NA,NA,NA,NA,FAIR Data,NA,NA,NA,NA,NA,Preprints,NA,Science Communication,NA,NA,NA,NA,NA,NA,NA,NA,NA,NA,NA,NA,NA,NA,NA,NA,NA,NA,NA,NA,NA,NA,NA,NA,NA,NA,NA,NA,NA,NA,NA,NA,NA,NA,NA,NA,NA,NA,NA,NA,NA,NA,NA,NA,Open Access,Open Data,FAIR Data,NA,NA,NA,NA,NA,Preprint,NA,NA,NA,NA,2023,686
100,TRUE,R_89dO9wEeYdLEFQR,Postdoc,Science,Open Access,NA,NA,NA,Open Software / code / syntax,NA,Open Peer Review,NA,Preprints,NA,Science Communication,NA,NA,Open Access,NA,NA,NA,Open Software / code / syntax,NA,NA,NA,NA,NA,NA,NA,NA,Open Access,NA,NA,NA,NA,NA,NA,NA,NA,NA,NA,NA,NA,Required by funder policy,NA,NA,It increases the impact of my research,NA,NA,NA,NA,NA,NA,NA,NA,Lack of funding for Open Science practices,NA,NA,NA,NA,NA,NA,NA,NA,NA,NA,More incentives that reward Open Science practices,NA,NA,NA,NA,NA,NA,NA,NA,NA,NA,NA,NA,NA,NA,NA,NA,NA,NA,2023,225
100,TRUE,R_D8DTn0AhrGLahLX,Teacher,Science,NA,NA,NA,NA,NA,NA,NA,NA,NA,NA,NA,Not familiar with any,NA,Open Access,NA,NA,NA,NA,NA,NA,NA,NA,NA,Science Communication,NA,NA,NA,NA,NA,NA,NA,NA,NA,NA,NA,NA,NA,I'm not practicing Open Science (yet),NA,NA,NA,NA,NA,NA,NA,NA,NA,NA,NA,NA,NA,NA,NA,NA,NA,NA,NA,NA,NA,NA,Other,NA,More incentives that reward Open Science practices,NA,NA,NA,NA,NA,NA,NA,NA,NA,NA,NA,NA,NA,NA,NA,NA,NA,NA,2023,140
100,TRUE,R_26i2WJKTqeOGQPH,Full Professor,Science,Open Access,Open Data,FAIR Data,Reproducibility,Open Software / code / syntax,Open Education,Open Peer Review,Citizen Science,Preprints,Preregistration/Registered report,Science Communication,NA,NA,Open Access,NA,FAIR Data,NA,Open Software / code / syntax,NA,NA,NA,NA,NA,NA,NA,NA,Open Access,Open Data,FAIR Data,NA,NA,NA,NA,NA,Preprints,NA,NA,NA,NA,Required by funder policy,NA,NA,NA,I think it is an important part of research,NA,It is common practice amongst my collaborators from outside of my institute,NA,NA,NA,NA,NA,Lack of funding for Open Science practices,NA,NA,NA,NA,NA,Lack of recognition in my (international) field about the value of Open Science practices,NA,NA,NA,More policies that make Open Science practices required,More incentives that reward Open Science practices,NA,NA,More supporting infrastructure that makes it possible to practice Open Science,NA,Other,NA,NA,NA,NA,NA,NA,NA,NA,NA,NA,NA,NA,NA,2023,261
100,TRUE,R_2wsPe6C04xhVM5d,Postdoc,Medicine / LUMC,Open Access,Open Data,FAIR Data,Reproducibility,Open Software / code / syntax,Open Education,Open Peer Review,Citizen Science,Preprints,Preregistration/Registered report,NA,NA,NA,Open Access,NA,NA,Reproducibility,Open Software / code / syntax,NA,NA,NA,NA,NA,NA,NA,NA,NA,NA,NA,Reproducibility,NA,NA,NA,NA,NA,NA,NA,NA,NA,NA,NA,NA,NA,I think it is an important part of research,NA,NA,NA,NA,NA,NA,NA,Lack of funding for Open Science practices,NA,NA,"Lack of recognition of Open Science practices in evaluation, promotion and recruitment criteria at my institution",NA,NA,NA,NA,NA,NA,NA,NA,More collaboration/engagement with peers to make norms about good practices visible,Better interfaces/workflows that make it easy to practice Open Science,More supporting infrastructure that makes it possible to practice Open Science,NA,NA,NA,NA,NA,NA,NA,NA,NA,NA,NA,NA,NA,NA,NA,2023,1215
100,TRUE,R_3kCjpGktbM2rNWt,PhD candidate,Science,Open Access,NA,FAIR Data,Reproducibility,Open Software / code / syntax,NA,NA,NA,NA,NA,NA,NA,NA,Open Access,Open Data,NA,NA,Open Software / code / syntax,NA,NA,NA,NA,NA,NA,NA,NA,NA,NA,NA,Reproducibility,NA,NA,NA,NA,NA,NA,NA,NA,NA,NA,NA,NA,It increases the impact of my research,I think it is an important part of research,NA,NA,NA,NA,NA,NA,NA,NA,NA,Lack of time,NA,NA,NA,Lack of recognition in my (international) field about the value of Open Science practices,NA,NA,Other,More policies that make Open Science practices required,NA,NA,NA,More supporting infrastructure that makes it possible to practice Open Science,NA,Other,NA,NA,NA,NA,NA,NA,NA,NA,NA,NA,NA,NA,NA,2023,1014
100,TRUE,R_3CD8xJxnW21UTFn,Assistant Professor,Science,Open Access,NA,FAIR Data,Reproducibility,Open Software / code / syntax,NA,NA,Citizen Science,Preprints,NA,Science Communication,NA,NA,Open Access,NA,NA,Reproducibility,NA,NA,NA,NA,Preprints,NA,NA,NA,NA,Open Access,NA,NA,Reproducibility,NA,NA,NA,NA,Preprints,NA,Science Communication,NA,NA,NA,NA,Required by University policy,It increases the impact of my research,I think it is an important part of research,NA,NA,NA,NA,NA,NA,NA,Lack of funding for Open Science practices,NA,NA,NA,NA,NA,NA,NA,NA,Other,NA,NA,NA,NA,More supporting infrastructure that makes it possible to practice Open Science,NA,Other,NA,NA,NA,NA,NA,NA,NA,NA,NA,NA,NA,NA,NA,2023,974
100,TRUE,R_2398i1UtXreQ2oH,Organisational Professional / Support Staff,Medicine / LUMC,Open Access,Open Data,FAIR Data,NA,Open Software / code / syntax,NA,NA,Citizen Science,NA,NA,NA,NA,NA,NA,NA,FAIR Data,NA,NA,Open Education,NA,NA,NA,NA,Science Communication,NA,NA,NA,NA,NA,NA,NA,NA,NA,NA,NA,NA,NA,NA,NA,NA,NA,NA,NA,NA,NA,NA,NA,NA,NA,NA,NA,NA,NA,NA,NA,NA,NA,NA,NA,NA,NA,NA,NA,NA,NA,NA,NA,NA,Open Access,Open Data,FAIR Data,NA,NA,Open Education,NA,NA,NA,NA,Science Communication,NA,NA,2023,265
100,TRUE,R_3EWqUvGZ8e72FaR,Organisational Professional / Support Staff,Science,Open Access,Open Data,NA,Reproducibility,Open Software / code / syntax,NA,Open Peer Review,Citizen Science,Preprints,NA,NA,NA,NA,Open Access,Open Data,NA,Reproducibility,NA,NA,NA,NA,NA,NA,NA,NA,NA,NA,NA,NA,NA,NA,NA,NA,NA,NA,NA,NA,NA,NA,NA,NA,NA,NA,NA,NA,NA,NA,NA,NA,NA,NA,NA,NA,NA,NA,NA,NA,NA,NA,NA,NA,NA,NA,NA,NA,NA,NA,NA,Open Access,NA,NA,Reproducibility,NA,NA,NA,NA,NA,NA,NA,NA,NA,2023,68
100,TRUE,R_Zs0opGmHKL0tBzX,Assistant Professor,Humanities,Open Access,Open Data,FAIR Data,Reproducibility,Open Software / code / syntax,Open Education,Open Peer Review,Citizen Science,NA,NA,Science Communication,NA,NA,Open Access,NA,FAIR Data,NA,NA,NA,NA,NA,NA,NA,NA,NA,NA,Open Access,Open Data,FAIR Data,Reproducibility,NA,Open Education,Open Peer Review,NA,NA,NA,Science Communication,NA,NA,Required by funder policy,NA,NA,NA,I think it is an important part of research,NA,NA,NA,NA,NA,NA,NA,NA,NA,NA,"Lack of recognition of Open Science practices in evaluation, promotion and recruitment criteria at my institution",NA,NA,NA,NA,NA,Other,NA,NA,NA,NA,More supporting infrastructure that makes it possible to practice Open Science,NA,NA,NA,NA,NA,NA,NA,NA,NA,NA,NA,NA,NA,NA,NA,2023,749
100,TRUE,R_9TP4UQ2Qu3i1ecF,PhD candidate,Medicine / LUMC,Open Access,Open Data,FAIR Data,Reproducibility,NA,NA,Open Peer Review,Citizen Science,Preprints,NA,Science Communication,NA,NA,NA,NA,FAIR Data,NA,NA,NA,NA,Citizen Science,NA,NA,Science Communication,NA,NA,NA,NA,FAIR Data,Reproducibility,NA,NA,NA,Citizen Science,NA,NA,NA,NA,NA,NA,NA,NA,NA,I think it is an important part of research,NA,NA,NA,NA,NA,NA,NA,NA,Lack of clarity about ethical issues (e.g. data sharing),Lack of time,"Lack of recognition of Open Science practices in evaluation, promotion and recruitment criteria at my institution",NA,NA,NA,NA,NA,NA,More policies that make Open Science practices required,More incentives that reward Open Science practices,NA,NA,More supporting infrastructure that makes it possible to practice Open Science,NA,NA,NA,NA,NA,NA,NA,NA,NA,NA,NA,NA,NA,NA,NA,2023,222
100,TRUE,R_3pbZk7Jx8SnUoJy,"Other, namely:",Law,Open Access,Open Data,NA,Reproducibility,Open Software / code / syntax,NA,NA,Citizen Science,NA,NA,NA,NA,NA,Open Access,NA,NA,Reproducibility,Open Software / code / syntax,NA,NA,NA,NA,NA,NA,NA,NA,NA,NA,NA,NA,NA,NA,NA,NA,NA,NA,NA,NA,NA,NA,NA,NA,NA,NA,NA,NA,NA,NA,NA,NA,NA,NA,NA,NA,NA,NA,NA,NA,NA,NA,NA,NA,NA,NA,NA,NA,NA,NA,NA,Open Data,NA,NA,Open Software / code,NA,NA,NA,NA,NA,NA,NA,NA,2023,111
100,TRUE,R_1FMbJtmVXEfADOx,Organisational Professional / Support Staff,Humanities,Open Access,Open Data,FAIR Data,Reproducibility,Open Software / code / syntax,Open Education,NA,Citizen Science,NA,Preregistration/Registered report,NA,NA,NA,Open Access,NA,FAIR Data,Reproducibility,NA,NA,NA,NA,NA,NA,NA,NA,NA,NA,NA,NA,NA,NA,NA,NA,NA,NA,NA,NA,NA,NA,NA,NA,NA,NA,NA,NA,NA,NA,NA,NA,NA,NA,NA,NA,NA,NA,NA,NA,NA,NA,NA,NA,NA,NA,NA,NA,NA,NA,NA,Open Access,Open Data,FAIR Data,NA,Open Software / code,NA,NA,NA,NA,NA,NA,NA,NA,2023,1083
100,TRUE,R_2OGXkU7I2dvZkvL,Policy advisor,Humanities,Open Access,Open Data,FAIR Data,Reproducibility,Open Software / code / syntax,NA,NA,Citizen Science,Preprints,Preregistration/Registered report,Science Communication,NA,NA,Open Access,NA,FAIR Data,NA,NA,NA,NA,Citizen Science,NA,NA,NA,NA,NA,NA,NA,NA,NA,NA,NA,NA,NA,NA,NA,NA,NA,NA,NA,NA,NA,NA,NA,NA,NA,NA,NA,NA,NA,NA,NA,NA,NA,NA,NA,NA,NA,NA,NA,NA,NA,NA,NA,NA,NA,NA,NA,Open Access,NA,FAIR Data,NA,NA,NA,NA,Citizen Science,NA,NA,Science Communication,NA,NA,2023,361
100,TRUE,R_3PaHzbkp7WwhzFw,Teacher,Governance and Global Affairs,Open Access,Open Data,NA,Reproducibility,Open Software / code / syntax,NA,NA,NA,NA,NA,Science Communication,NA,NA,Open Access,NA,NA,Reproducibility,Open Software / code / syntax,NA,NA,NA,NA,NA,NA,NA,NA,Open Access,NA,NA,NA,Open Software / code,NA,NA,NA,NA,NA,NA,NA,NA,NA,NA,NA,It increases the impact of my research,I think it is an important part of research,NA,NA,NA,NA,NA,NA,Lack of training on how to practice Open Science,Lack of funding for Open Science practices,NA,Lack of time,NA,NA,NA,NA,NA,NA,NA,More policies that make Open Science practices required,NA,NA,Better interfaces/workflows that make it easy to practice Open Science,More supporting infrastructure that makes it possible to practice Open Science,NA,NA,NA,NA,NA,NA,NA,NA,NA,NA,NA,NA,NA,NA,NA,2023,1030
100,TRUE,R_2PvcrHbZTpnptaw,Organisational Professional / Support Staff,Medicine / LUMC,Open Access,NA,NA,Reproducibility,Open Software / code / syntax,NA,Open Peer Review,Citizen Science,NA,NA,Science Communication,NA,NA,Open Access,NA,NA,Reproducibility,NA,NA,NA,NA,NA,NA,Science Communication,NA,NA,NA,NA,NA,NA,NA,NA,NA,NA,NA,NA,NA,NA,NA,NA,NA,NA,NA,NA,NA,NA,NA,NA,NA,NA,NA,NA,NA,NA,NA,NA,NA,NA,NA,NA,NA,NA,NA,NA,NA,NA,NA,NA,NA,NA,NA,NA,NA,NA,NA,NA,NA,NA,Science Communication,NA,NA,2023,201
89,FALSE,R_8FzCvapWT03xcPA,Organisational Professional / Support Staff,Science,NA,NA,NA,NA,NA,NA,NA,NA,NA,NA,NA,Not familiar with any,NA,NA,NA,NA,NA,NA,NA,NA,NA,NA,NA,NA,Not familiar with any,NA,NA,NA,NA,NA,NA,NA,NA,NA,NA,NA,NA,NA,NA,NA,NA,NA,NA,NA,NA,NA,NA,NA,NA,NA,NA,NA,NA,NA,NA,NA,NA,NA,NA,NA,NA,NA,NA,NA,NA,NA,NA,NA,NA,NA,NA,NA,NA,NA,NA,NA,NA,NA,NA,I'm not dealing with Open Science (yet),NA,2023,99
100,TRUE,R_4mjErjKgMExIOP2,Assistant Professor,Medicine / LUMC,Open Access,Open Data,FAIR Data,Reproducibility,Open Software / code / syntax,NA,Open Peer Review,Citizen Science,Preprints,Preregistration/Registered report,Science Communication,NA,NA,NA,NA,NA,Reproducibility,Open Software / code / syntax,NA,NA,NA,NA,NA,Science Communication,NA,NA,Open Access,Open Data,FAIR Data,Reproducibility,Open Software / code,NA,Open Peer Review,NA,Preprints,NA,Science Communication,NA,NA,NA,NA,NA,It increases the impact of my research,I think it is an important part of research,NA,NA,It looks good on my CV,NA,NA,NA,NA,NA,Lack of clarity about ethical issues (e.g. data sharing),NA,"Lack of recognition of Open Science practices in evaluation, promotion and recruitment criteria at my institution",Lack of positive examples / approaches set by other researchers,NA,NA,NA,NA,NA,More policies that make Open Science practices required,More incentives that reward Open Science practices,More collaboration/engagement with peers to make norms about good practices visible,Better interfaces/workflows that make it easy to practice Open Science,More supporting infrastructure that makes it possible to practice Open Science,NA,NA,NA,NA,NA,NA,NA,NA,NA,NA,NA,NA,NA,NA,NA,2023,164
100,TRUE,R_2pMzSgO9gYf3wOu,"Other, namely:",Other,NA,NA,NA,NA,NA,NA,NA,NA,NA,NA,NA,NA,NA,NA,NA,NA,NA,NA,NA,NA,NA,NA,NA,NA,NA,NA,NA,NA,NA,NA,NA,NA,NA,NA,NA,NA,NA,NA,NA,NA,NA,NA,NA,NA,NA,NA,NA,NA,NA,NA,NA,NA,NA,NA,NA,NA,NA,NA,NA,NA,NA,NA,NA,NA,NA,NA,NA,NA,NA,NA,NA,NA,NA,NA,NA,NA,NA,NA,NA,NA,NA,2023,159
78,FALSE,R_2BRBFGDs0z3iFJf,Organisational Professional / Support Staff,Medicine / LUMC,Open Access,Open Data,FAIR Data,NA,Open Software / code / syntax,Open Education,Open Peer Review,Citizen Science,Preprints,NA,Science Communication,NA,NA,NA,NA,NA,NA,NA,Open Education,NA,Citizen Science,NA,NA,Science Communication,NA,NA,NA,NA,NA,NA,NA,NA,NA,NA,NA,NA,NA,NA,NA,NA,NA,NA,NA,NA,NA,NA,NA,NA,NA,NA,NA,NA,NA,NA,NA,NA,NA,NA,NA,NA,NA,NA,NA,NA,NA,NA,NA,NA,NA,Open Data,NA,NA,NA,NA,NA,NA,NA,NA,NA,NA,NA,2023,92029
